max_pr,min_pr,avg_pr
0.0,0.0,0.0
0.0,0.0,0.0
0.0,0.0,0.0
0.0,0.0,0.0
0.000795488056481,0.0,4.971800353e-05
0.0,0.0,0.0
0.00119229096365,0.0,8.51636402609e-05
0.0,0.0,0.0
0.0,0.0,0.0
0.0,0.0,0.0
0.0,0.0,0.0
0.0,0.0,0.0
0.0,0.0,0.0
0.00131493460987,0.0,7.30519227708e-05
0.0,0.0,0.0
0.000371765068235,0.0,2.47843378823e-05
0.0,0.0,0.0
0.00235451930875,0.0,4.9052485599e-05
0.000208841909492,0.0,2.32046566102e-05
0.0,0.0,0.0
0.0,0.0,0.0
0.0,0.0,0.0
0.00185945903997,0.0,0.000464864759991
0.0,0.0,0.0
0.0,0.0,0.0
0.000350976313398,0.0,5.84960522331e-05
0.0,0.0,0.0
0.0,0.0,0.0
0.00240013660105,0.0,0.00010000569171
0.0,0.0,0.0
0.0,0.0,0.0
0.00216911533585,0.0,0.000278920034744
0.0,0.0,0.0
0.0012532779444,0.0,0.00015665974305
0.0,0.0,0.0
0.0,0.0,0.0
0.00720044988946,0.0,0.000186428107169
0.000813918416565,0.0,6.33169024216e-05
0.0,0.0,0.0
0.0,0.0,0.0
0.0,0.0,0.0
0.0,0.0,0.0
0.0,0.0,0.0
0.0,0.0,0.0
0.0,0.0,0.0
0.0,0.0,0.0
0.0,0.0,0.0
0.0,0.0,0.0
0.0,0.0,0.0
0.0,0.0,0.0
0.00133213649539,0.0,2.01838862938e-05
0.0,0.0,0.0
0.0,0.0,0.0
0.0,0.0,0.0
0.00496389884211,0.0,0.000306377370653
0.0,0.0,0.0
0.0,0.0,0.0
0.00124130497484,0.0,0.000310326243709
0.0,0.0,0.0
0.0,0.0,0.0
0.0,0.0,0.0
0.0,0.0,0.0
0.0,0.0,0.0
0.00123878688226,0.0,0.000309696720566
0.0,0.0,0.0
0.00449718525373,0.0,0.000374765437811
0.0,0.0,0.0
0.0,0.0,0.0
0.0,0.0,0.0
0.0,0.0,0.0
0.000930620340048,0.0,7.7551695004e-05
0.000303574144042,0.0,3.03574144042e-05
0.0,0.0,0.0
0.0,0.0,0.0
0.000406850153021,0.0,1.14441507213e-05
0.000804138767987,0.0,2.68046255996e-05
0.0,0.0,0.0
0.0,0.0,0.0
0.00436347074825,0.0,0.000436347074825
0.0,0.0,0.0
0.00291253884912,0.0,0.000304159548493
0.0,0.0,0.0
0.000817492862489,0.0,0.000136248810415
0.00186062836691,0.0,8.33160278597e-06
6.59900665597e-05,0.0,3.29950332799e-06
9.89528798407e-05,0.0,8.24778444595e-06
0.00461331326883,0.0,9.46672120514e-05
0.00690985417174,0.0,0.000236552809635
0.0,0.0,0.0
0.0,0.0,0.0
0.0,0.0,0.0
0.0,0.0,0.0
0.000762688053498,0.0,3.17786688958e-05
0.0,0.0,0.0
0.00010179969306,0.0,2.82776925165e-06
0.0,0.0,0.0
0.0302593239171,0.0,0.00168107355095
0.0,0.0,0.0
0.000797947070779,0.0,1.62846340975e-05
0.0,0.0,0.0
0.0,0.0,0.0
0.0,0.0,0.0
0.0,0.0,0.0
0.0,0.0,0.0
0.0,0.0,0.0
0.0,0.0,0.0
0.0,0.0,0.0
0.0,0.0,0.0
0.00167160014956,0.0,0.000167160014956
0.0,0.0,0.0
0.00415898338006,0.0,0.000693163896677
0.0,0.0,0.0
0.0,0.0,0.0
0.00284117294492,0.0,5.59727739972e-05
0.0,0.0,0.0
0.0,0.0,0.0
0.0,0.0,0.0
0.0,0.0,0.0
0.0,0.0,0.0
0.000487078247857,0.0,3.24532736207e-05
0.00460418631045,0.0,0.000230077654842
0.0115975676279,0.0,8.86817262587e-05
0.00426025847395,0.0,1.49484721176e-05
0.0,0.0,0.0
0.0,0.0,0.0
0.0,0.0,0.0
0.000166421188457,0.0,2.7991758816e-05
0.0,0.0,0.0
0.00650732331757,0.0,0.00131332031191
0.00429463202136,0.0,0.00053682900267
0.0,0.0,0.0
0.0,0.0,0.0
0.0,0.0,0.0
1.87554061152e-05,0.0,4.68885152879e-06
0.0,0.0,0.0
0.0,0.0,0.0
0.0,0.0,0.0
0.00434576541045,0.0,0.000181160670953
0.0,0.0,0.0
0.0,0.0,0.0
0.0,0.0,0.0
0.0,0.0,0.0
0.0,0.0,0.0
0.0,0.0,0.0
0.0,0.0,0.0
0.0,0.0,0.0
0.00107251950139,0.0,9.66233785036e-06
0.0,0.0,0.0
0.0,0.0,0.0
0.0,0.0,0.0
0.0,0.0,0.0
0.0,0.0,0.0
0.0,0.0,0.0
0.0,0.0,0.0
0.00239361426085,0.0,0.000159574284056
0.0,0.0,0.0
0.0,0.0,0.0
0.0,0.0,0.0
0.000914398610565,0.0,0.000152399768428
0.0,0.0,0.0
0.0,0.0,0.0
0.0,0.0,0.0
0.0,0.0,0.0
0.000438051953215,0.0,2.92034635477e-05
0.0140096231045,0.0,0.000928244211362
0.0,0.0,0.0
0.0,0.0,0.0
0.00204981191222,0.0,0.000381247520362
0.0,0.0,0.0
0.0013180664264,0.0,0.000390918331408
0.0,0.0,0.0
0.0,0.0,0.0
0.0,0.0,0.0
0.0,0.0,0.0
0.0,0.0,0.0
0.0,0.0,0.0
0.0,0.0,0.0
8.71591734185e-05,0.0,7.26326445154e-06
0.000839624917571,0.0,0.000209906229393
0.0,0.0,0.0
0.0,0.0,0.0
0.0,0.0,0.0
3.54196927078e-05,0.0,5.90328211797e-06
0.0,0.0,0.0
0.0,0.0,0.0
0.0,0.0,0.0
0.00209164126832,0.0,0.000336487507248
0.0,0.0,0.0
0.0,0.0,0.0
0.0,0.0,0.0
0.000408456207041,0.0,0.000106737303511
0.00434290176934,0.0,4.49357219684e-05
0.00123397692757,0.0,0.000325448896584
0.0,0.0,0.0
0.00251250425233,0.0,0.000314063031541
0.0,0.0,0.0
0.000967480069079,0.0,0.00024187001727
0.0,0.0,0.0
0.0,0.0,0.0
0.00137648644628,0.0,2.52158501379e-05
0.0,0.0,0.0
0.0,0.0,0.0
0.00144654203402,0.0,4.55764991272e-05
0.0,0.0,0.0
0.00326307561697,0.0,0.000217669548347
0.00249323665364,0.0,0.000134651249918
0.0,0.0,0.0
0.0,0.0,0.0
0.0,0.0,0.0
0.0,0.0,0.0
0.0,0.0,0.0
0.00251161261781,0.0,0.000627903154453
0.00251161261781,0.0,0.00106703149933
0.0,0.0,0.0
0.00608167742458,0.0,0.00133442037103
0.0,0.0,0.0
0.0,0.0,0.0
0.0,0.0,0.0
0.0,0.0,0.0
0.000261569944615,0.0,2.37790858741e-06
0.0,0.0,0.0
0.0,0.0,0.0
0.0,0.0,0.0
0.000165888872919,0.0,1.18492052085e-05
0.000546475455867,0.0,0.000136618863967
0.0,0.0,0.0
0.0,0.0,0.0
0.0,0.0,0.0
0.0,0.0,0.0
0.000317576054046,0.0,3.96970067558e-05
0.0,0.0,0.0
0.0,0.0,0.0
0.0,0.0,0.0
0.0,0.0,0.0
0.0,0.0,0.0
0.000284307862858,0.0,4.73846438096e-05
0.0,0.0,0.0
0.0,0.0,0.0
0.0,0.0,0.0
0.0,0.0,0.0
0.00142127569567,0.0,0.000236879282612
0.00275925330557,0.0,0.000255585508602
0.0,0.0,0.0
0.0,0.0,0.0
0.0,0.0,0.0
0.0,0.0,0.0
0.0,0.0,0.0
0.0,0.0,0.0
0.0,0.0,0.0
0.0,0.0,0.0
0.0,0.0,0.0
0.0,0.0,0.0
0.000512217392858,0.0,6.40271741072e-05
0.00304075695732,0.0,0.00129934437599
0.0,0.0,0.0
0.0010126420916,0.0,2.41105259904e-05
6.58194298063e-05,0.0,3.29097149032e-06
0.000431979327052,0.0,1.43993109017e-05
0.0302593239171,0.0,0.000383698719288
0.0,0.0,0.0
0.0,0.0,0.0
0.00169950871173,0.0,0.000104109358268
0.0,0.0,0.0
0.0,0.0,0.0
0.0,0.0,0.0
0.0,0.0,0.0
0.000450752990333,0.0,4.55306050841e-06
0.0,0.0,0.0
0.000188437807366,0.0,4.71094518414e-05
0.0,0.0,0.0
0.0,0.0,0.0
0.0,0.0,0.0
0.0,0.0,0.0
0.0,0.0,0.0
0.000291422115324,0.0,9.30200198478e-05
0.0,0.0,0.0
0.0,0.0,0.0
0.00240438991686,0.0,0.000249123719233
0.0,0.0,0.0
0.0,0.0,0.0
0.0,0.0,0.0
0.0,0.0,0.0
0.0,0.0,0.0
0.0,0.0,0.0
0.0,0.0,0.0
0.0,0.0,0.0
0.0,0.0,0.0
0.0,0.0,0.0
0.0,0.0,0.0
0.0,0.0,0.0
0.00107054971035,0.0,5.35274855176e-05
0.0,0.0,0.0
0.0,0.0,0.0
0.0,0.0,0.0
0.0,0.0,0.0
0.00241969444344,0.0,9.06456280099e-05
0.0,0.0,0.0
0.0,0.0,0.0
0.0,0.0,0.0
0.0,0.0,0.0
0.0133013772714,0.0,0.00199041173829
0.0,0.0,0.0
0.0,0.0,0.0
0.00328204668913,0.0,0.000477536930074
0.0,0.0,0.0
0.0,0.0,0.0
0.0,0.0,0.0
0.000616853843392,0.0,2.37251478228e-05
9.27421481811e-05,0.0,3.86425617421e-06
0.0,0.0,0.0
0.0,0.0,0.0
0.0,0.0,0.0
0.00235354179827,0.0,0.000294192724784
0.0,0.0,0.0
0.0,0.0,0.0
0.00121806480611,0.0,0.000127677956686
0.0,0.0,0.0
0.0,0.0,0.0
0.0,0.0,0.0
0.0,0.0,0.0
0.00173485595466,0.0,0.000173485595466
0.00576077191426,0.0,0.00152587455197
0.0,0.0,0.0
0.0,0.0,0.0
0.0,0.0,0.0
0.0,0.0,0.0
0.00593127700148,0.0,0.00163185886605
0.0,0.0,0.0
0.0,0.0,0.0
0.0,0.0,0.0
0.00283355067759,0.0,0.000283355067759
0.0,0.0,0.0
0.0,0.0,0.0
0.0,0.0,0.0
0.0,0.0,0.0
0.0,0.0,0.0
0.0,0.0,0.0
0.0,0.0,0.0
0.0,0.0,0.0
0.00340817902394,0.0,0.000568029837323
0.0,0.0,0.0
0.0,0.0,0.0
0.0,0.0,0.0
0.0,0.0,0.0
0.0,0.0,0.0
0.0,0.0,0.0
0.0,0.0,0.0
0.0,0.0,0.0
0.0,0.0,0.0
0.0,0.0,0.0
0.000737688186183,0.0,2.30527558182e-05
0.00527635058336,0.0,0.000175878352779
0.00513430128552,0.0,0.00042785844046
0.0,0.0,0.0
0.0,0.0,0.0
0.0,0.0,0.0
0.000847553663319,0.0,2.28324951702e-05
0.0,0.0,0.0
0.000345282571248,0.0,4.3160321406e-05
1.17861055433e-05,0.0,1.96435092388e-06
0.0,0.0,0.0
0.0,0.0,0.0
0.0,0.0,0.0
0.00638972758854,0.0,0.00159743189713
0.00299201466671,0.0,8.29122559635e-05
0.0021756387836,0.0,0.000387406387742
0.0,0.0,0.0
0.000900281035636,0.0,0.000191821489377
0.0,0.0,0.0
0.00193738841057,0.0,2.56325732248e-05
0.0,0.0,0.0
0.0,0.0,0.0
0.00364291553221,0.0,0.000818668331098
0.0,0.0,0.0
0.0,0.0,0.0
0.0,0.0,0.0
0.0,0.0,0.0
0.0,0.0,0.0
0.000632542172798,0.0,2.63559238666e-05
0.0,0.0,0.0
0.000706690276721,0.0,1.38589056147e-05
0.0,0.0,0.0
0.0,0.0,0.0
0.0,0.0,0.0
0.000133348808257,0.0,1.11777170186e-05
0.0,0.0,0.0
4.80084115593e-05,0.0,2.66713397552e-06
4.80084115593e-05,0.0,2.00035048164e-06
0.0,0.0,0.0
0.000191039125702,0.0,6.36797085673e-06
0.0,0.0,0.0
0.00110697993217,0.0,6.14988851207e-05
0.0,0.0,0.0
0.0,0.0,0.0
0.0,0.0,0.0
0.0,0.0,0.0
0.0,0.0,0.0
0.0,0.0,0.0
0.0,0.0,0.0
0.0,0.0,0.0
0.0,0.0,0.0
0.0,0.0,0.0
0.0,0.0,0.0
0.0,0.0,0.0
0.0,0.0,0.0
0.0,0.0,0.0
0.0,0.0,0.0
0.0,0.0,0.0
0.00261238885974,0.0,0.000228520134747
0.0,0.0,0.0
0.0,0.0,0.0
0.0,0.0,0.0
0.0,0.0,0.0
0.0,0.0,0.0
0.0,0.0,0.0
0.0,0.0,0.0
0.0,0.0,0.0
0.00140380634775,0.0,4.01087527928e-05
0.0,0.0,0.0
0.0,0.0,0.0
0.0,0.0,0.0
0.0,0.0,0.0
0.0,0.0,0.0
0.0,0.0,0.0
0.0,0.0,0.0
4.08806043654e-05,0.0,1.36268681218e-06
0.0,0.0,0.0
0.0,0.0,0.0
0.0,0.0,0.0
0.00133418090024,0.0,0.0002223613672
0.0,0.0,0.0
0.0,0.0,0.0
0.0,0.0,0.0
0.0,0.0,0.0
0.0,0.0,0.0
0.0,0.0,0.0
0.0,0.0,0.0
0.0,0.0,0.0
0.0,0.0,0.0
0.0,0.0,0.0
0.0,0.0,0.0
0.0,0.0,0.0
0.0,0.0,0.0
0.00173686666727,0.0,0.000230506467604
0.0,0.0,0.0
0.0,0.0,0.0
0.0,0.0,0.0
0.0,0.0,0.0
0.000331748909157,0.0,2.21165939438e-05
0.0,0.0,0.0
0.0,0.0,0.0
0.0,0.0,0.0
0.0,0.0,0.0
0.00126893639448,0.0,2.64361748851e-05
0.0,0.0,0.0
0.000816545487146,0.0,0.000102068185893
0.0,0.0,0.0
0.0,0.0,0.0
0.0,0.0,0.0
0.0,0.0,0.0
0.000728643240493,0.0,5.20459457495e-05
0.0,0.0,0.0
0.0,0.0,0.0
0.0,0.0,0.0
0.000835597064174,0.0,0.000219057704204
0.0,0.0,0.0
0.00311093366163,0.0,0.000518488943604
0.0,0.0,0.0
0.00343967197794,0.0,0.000107489749311
0.0,0.0,0.0
0.0,0.0,0.0
0.0,0.0,0.0
0.00118832750502,0.0,4.24402680363e-05
0.0,0.0,0.0
0.00078889033227,0.0,1.73077187251e-05
0.0,0.0,0.0
0.0,0.0,0.0
0.0,0.0,0.0
0.0,0.0,0.0
0.0,0.0,0.0
0.0,0.0,0.0
0.0,0.0,0.0
0.0,0.0,0.0
0.0,0.0,0.0
0.0,0.0,0.0
0.00145993260902,0.0,0.000221198105772
0.00216323685531,0.0,0.000151905616819
0.0,0.0,0.0
0.0127891871836,0.0,0.00159864839795
0.0,0.0,0.0
0.0,0.0,0.0
0.000954979568494,0.0,3.04331711698e-05
0.0024642106758,0.0,0.000102675444825
0.00597538457388,0.0,0.000660947181657
0.0,0.0,0.0
0.0,0.0,0.0
0.0,0.0,0.0
0.000829507032667,0.0,2.90991724272e-05
0.000884668178162,0.0,0.000160149877626
0.0,0.0,0.0
0.0,0.0,0.0
0.0,0.0,0.0
0.0,0.0,0.0
0.0,0.0,0.0
0.0,0.0,0.0
0.0,0.0,0.0
0.0,0.0,0.0
0.0,0.0,0.0
0.0,0.0,0.0
0.0,0.0,0.0
0.0,0.0,0.0
0.0,0.0,0.0
0.0097179193561,0.0,0.00029859129388
0.00117361601541,0.0,0.000106416134895
0.0,0.0,0.0
0.0,0.0,0.0
0.0,0.0,0.0
0.0,0.0,0.0
0.0,0.0,0.0
0.0,0.0,0.0
0.0,0.0,0.0
0.0,0.0,0.0
0.00250132768546,0.0,0.000272688691915
0.0,0.0,0.0
0.0,0.0,0.0
0.0,0.0,0.0
0.000366216606322,0.0,5.72213447379e-06
0.00466416839965,0.0,0.000388680699971
0.00106505859406,0.0,5.91699218921e-05
0.0,0.0,0.0
0.0,0.0,0.0
0.0,0.0,0.0
0.0,0.0,0.0
0.0,0.0,0.0
0.0,0.0,0.0
0.00166777530454,0.0,0.000208471913067
0.0,0.0,0.0
0.00347689535222,0.0,2.9554289289e-05
0.0,0.0,0.0
0.0,0.0,0.0
0.0,0.0,0.0
0.0,0.0,0.0
0.00590103530884,0.0,0.000262263686617
0.000326176597843,0.0,4.79671467417e-06
0.0,0.0,0.0
0.0,0.0,0.0
0.0,0.0,0.0
0.0,0.0,0.0
0.0,0.0,0.0
0.0,0.0,0.0
0.0,0.0,0.0
0.0108531089539,0.0,0.000838256846772
0.00118417914587,0.0,8.45842247047e-05
0.0,0.0,0.0
0.00328933099427,0.0,0.000822332748568
0.000587650742627,0.0,2.44854476095e-05
0.0,0.0,0.0
0.0,0.0,0.0
0.000519719491014,0.0,5.47073148435e-06
0.0,0.0,0.0
0.000698668997074,0.0,5.82224164229e-05
0.0,0.0,0.0
0.0,0.0,0.0
0.0,0.0,0.0
0.0135081195023,0.0,0.000175430123407
0.00332084865614,0.0,0.000166042432807
0.0,0.0,0.0
0.0,0.0,0.0
0.0,0.0,0.0
0.0,0.0,0.0
0.0,0.0,0.0
0.0,0.0,0.0
0.00210680332784,0.0,0.000169500105489
0.0,0.0,0.0
0.0,0.0,0.0
0.0,0.0,0.0
0.00467019918986,0.0,0.000736678725798
0.0048283206481,0.0,0.000642581014384
0.000203362419059,0.0,3.38937365099e-05
0.0,0.0,0.0
0.0,0.0,0.0
0.0,0.0,0.0
0.0,0.0,0.0
0.00354162506385,0.0,0.000137022395451
1.93806721923e-05,0.0,1.61505601603e-06
0.0,0.0,0.0
0.0,0.0,0.0
0.0,0.0,0.0
0.0,0.0,0.0
0.0,0.0,0.0
0.0,0.0,0.0
0.00274548783781,0.000138911132955,0.00141788102488
0.00169572763647,0.0,2.3551453752e-05
0.0,0.0,0.0
0.0,0.0,0.0
0.0,0.0,0.0
0.0,0.0,0.0
0.0,0.0,0.0
0.0,0.0,0.0
0.0,0.0,0.0
0.0,0.0,0.0
0.00329950715094,0.0,0.000112155837864
0.0,0.0,0.0
0.0,0.0,0.0
0.0,0.0,0.0
0.0,0.0,0.0
0.0,0.0,0.0
0.0,0.0,0.0
0.000442174847875,0.0,3.15839177053e-05
0.0,0.0,0.0
0.0,0.0,0.0
0.0,0.0,0.0
2.1751715428e-05,0.0,7.7684697957e-07
0.0,0.0,0.0
0.00215819203932,0.0,0.000143879469288
0.0,0.0,0.0
0.00310430721829,0.0,0.000388038402286
0.0,0.0,0.0
0.0,0.0,0.0
0.0,0.0,0.0
0.00121070839549,0.0,0.000151338549437
0.00706857255196,0.0,0.00029484753701
0.00669322042542,0.0,0.000277459667974
0.0,0.0,0.0
0.0,0.0,0.0
0.0,0.0,0.0
0.0,0.0,0.0
0.0,0.0,0.0
0.0,0.0,0.0
0.000511662396128,0.0,5.68513773476e-05
0.00116953038364,0.0,3.16774402153e-05
0.0,0.0,0.0
0.0,0.0,0.0
0.0,0.0,0.0
0.0,0.0,0.0
0.0,0.0,0.0
0.0,0.0,0.0
0.0,0.0,0.0
0.0,0.0,0.0
0.0,0.0,0.0
0.0,0.0,0.0
0.0,0.0,0.0
0.0,0.0,0.0
0.0,0.0,0.0
0.00568906900631,0.0,0.00200143913484
0.0,0.0,0.0
0.0,0.0,0.0
0.0,0.0,0.0
0.0,0.0,0.0
0.0,0.0,0.0
0.0,0.0,0.0
0.000850280430553,0.0,0.000194685884996
0.0,0.0,0.0
8.58195042956e-05,0.0,2.38387511932e-06
0.0,0.0,0.0
0.0,0.0,0.0
0.0,0.0,0.0
0.0,0.0,0.0
0.0,0.0,0.0
0.000667540555599,0.0,1.53652838654e-05
0.0,0.0,0.0
0.00132699162094,0.0,4.42330540313e-05
0.0,0.0,0.0
0.00268757307958,0.0,0.000206742192297
0.00309753838421,0.0,0.000149928977898
0.000413871995348,0.0,2.56958331105e-05
0.0,0.0,0.0
0.0,0.0,0.0
0.0,0.0,0.0
0.0,0.0,0.0
0.0,0.0,0.0
0.0,0.0,0.0
0.014102656425,0.0,0.000966658348473
0.0,0.0,0.0
0.0,0.0,0.0
0.0,0.0,0.0
0.0,0.0,0.0
0.0045021518009,0.0,9.62388676688e-05
0.0,0.0,0.0
6.58750221454e-05,0.0,5.48958517878e-06
0.0,0.0,0.0
0.001822678705,0.0,0.000455669676249
0.0,0.0,0.0
0.0,0.0,0.0
0.0,0.0,0.0
0.0,0.0,0.0
0.00312429816693,0.0,0.000124971926677
0.0,0.0,0.0
0.0,0.0,0.0
0.0,0.0,0.0
0.0,0.0,0.0
0.0,0.0,0.0
0.0,0.0,0.0
0.0,0.0,0.0
0.00142919616702,0.0,1.58799574113e-05
0.0,0.0,0.0
0.0,0.0,0.0
0.0,0.0,0.0
0.00079662866077,0.0,3.98314330385e-05
0.0,0.0,0.0
0.00221831736524,0.0,0.000931504452304
0.0,0.0,0.0
0.0,0.0,0.0
0.0,0.0,0.0
0.0,0.0,0.0
0.0,0.0,0.0
0.0,0.0,0.0
0.0,0.0,0.0
0.0,0.0,0.0
0.00238326004445,0.0,0.000749451335602
0.0,0.0,0.0
0.00169112101667,0.0,0.000441706746713
0.0,0.0,0.0
0.0,0.0,0.0
0.0,0.0,0.0
0.0,0.0,0.0
0.0,0.0,0.0
0.0,0.0,0.0
0.0,0.0,0.0
0.000342464735561,0.0,2.85387279634e-05
0.0,0.0,0.0
0.0030790326024,0.0,0.00030790326024
0.0,0.0,0.0
0.0,0.0,0.0
0.000305815097027,0.0,1.4562623668e-05
0.0,0.0,0.0
0.0,0.0,0.0
0.0,0.0,0.0
0.0,0.0,0.0
0.0,0.0,0.0
0.0,0.0,0.0
0.0,0.0,0.0
0.0,0.0,0.0
0.0,0.0,0.0
0.0,0.0,0.0
0.0,0.0,0.0
0.060946825135,0.0,0.0100291309587
0.0,0.0,0.0
0.00531769581444,0.0,0.000664711976806
0.0,0.0,0.0
0.0,0.0,0.0
0.0,0.0,0.0
0.0,0.0,0.0
0.0,0.0,0.0
0.000295843163778,0.0,4.9307193963e-05
0.0052032203923,0.0,7.2266949893e-05
0.0,0.0,0.0
0.0,0.0,0.0
0.0,0.0,0.0
0.0,0.0,0.0
0.0,0.0,0.0
0.0,0.0,0.0
0.0,0.0,0.0
0.0,0.0,0.0
0.0,0.0,0.0
0.00219313643328,0.0,9.13806847201e-05
0.0,0.0,0.0
0.0,0.0,0.0
0.0,0.0,0.0
0.00995501877415,0.0,0.00105135381968
0.0,0.0,0.0
0.0,0.0,0.0
0.0,0.0,0.0
0.0,0.0,0.0
0.0,0.0,0.0
0.000663521798988,0.0,2.20594457745e-05
0.0,0.0,0.0
0.0,0.0,0.0
0.00165675264761,0.0,9.81485969178e-05
0.0,0.0,0.0
0.0,0.0,0.0
0.0,0.0,0.0
0.0013423252744,0.0,6.39202511619e-05
0.0,0.0,0.0
0.0,0.0,0.0
0.00736449923581,0.0,0.00209399665241
0.000128561831219,0.0,8.96013169653e-06
0.0,0.0,0.0
0.0,0.0,0.0
0.0,0.0,0.0
0.0,0.0,0.0
0.00412066765786,0.0,0.000459111303603
0.00303504080333,0.0,0.000108394314405
0.000927551509906,0.0,7.72959591588e-05
0.0,0.0,0.0
0.00652724714051,0.0,0.00108787452342
0.000845635459636,0.0,3.39169977518e-05
0.0,0.0,0.0
0.0,0.0,0.0
0.0,0.0,0.0
0.0,0.0,0.0
0.0,0.0,0.0
2.23273367413e-05,0.0,3.72122279022e-06
0.0,0.0,0.0
0.0,0.0,0.0
0.000461454585068,0.0,5.76818231334e-05
0.0,0.0,0.0
0.0,0.0,0.0
0.0,0.0,0.0
0.0,0.0,0.0
0.0,0.0,0.0
0.0,0.0,0.0
0.0,0.0,0.0
0.0,0.0,0.0
0.0,0.0,0.0
0.0,0.0,0.0
0.0,0.0,0.0
0.0,0.0,0.0
0.0,0.0,0.0
0.0,0.0,0.0
0.0,0.0,0.0
0.0,0.0,0.0
0.0,0.0,0.0
0.00295230834113,0.0,0.000738077085282
0.0,0.0,0.0
0.0,0.0,0.0
0.0,0.0,0.0
0.0,0.0,0.0
0.0,0.0,0.0
0.0,0.0,0.0
0.0,0.0,0.0
0.0,0.0,0.0
0.0,0.0,0.0
0.000850322635635,0.0,4.71791478926e-05
0.0,0.0,0.0
0.0,0.0,0.0
0.00966530221255,0.0,0.000604081388284
0.0,0.0,0.0
0.00552194457378,0.0,4.19609612922e-05
0.00552194457378,0.0,9.20324095631e-05
0.0,0.0,0.0
0.0,0.0,0.0
0.0,0.0,0.0
0.0,0.0,0.0
0.000846975449634,0.0,2.68421475524e-05
0.0,0.0,0.0
0.0,0.0,0.0
0.00217336447587,0.0,0.000120742470882
0.00198573929181,0.0,0.000229138514886
0.0,0.0,0.0
0.0,0.0,0.0
5.04271785071e-05,0.0,1.12060396682e-06
0.000749407803601,0.0,0.000109142496308
0.0,0.0,0.0
0.0,0.0,0.0
0.0,0.0,0.0
0.0,0.0,0.0
0.0,0.0,0.0
0.0,0.0,0.0
0.0,0.0,0.0
0.0,0.0,0.0
0.00509504567735,0.0,0.0002017587462
0.00241627129063,0.0,0.000201355940886
0.0,0.0,0.0
0.000206190927728,0.0,5.1547731932e-05
0.0025623414825,0.0,0.000284704609167
0.0,0.0,0.0
0.0019417454883,0.0,0.000161812124025
0.0,0.0,0.0
0.0032978187917,0.0,8.80877124371e-05
0.000869089250982,0.0,0.000191377051988
0.00257857523877,0.0,0.000429762539795
0.00311009874375,0.0,0.000113231393379
0.00324107520141,0.0,6.3814167495e-05
0.0,0.0,0.0
0.0,0.0,0.0
0.0,0.0,0.0
0.00104269800226,0.0,0.000173783000377
0.01668175465,0.0,0.00103814278131
0.0,0.0,0.0
0.0,0.0,0.0
0.0,0.0,0.0
0.0,0.0,0.0
0.000439337516997,0.0,1.25525004856e-05
0.0,0.0,0.0
0.0,0.0,0.0
0.0,0.0,0.0
0.0,0.0,0.0
0.000830763124075,0.0,1.01031805378e-05
0.0,0.0,0.0
0.0,0.0,0.0
0.0,0.0,0.0
0.0,0.0,0.0
0.0,0.0,0.0
0.0,0.0,0.0
0.0,0.0,0.0
0.002355634155,0.0,7.44555324288e-05
0.0,0.0,0.0
0.0,0.0,0.0
0.0,0.0,0.0
0.0,0.0,0.0
0.0,0.0,0.0
0.0,0.0,0.0
0.0,0.0,0.0
0.0,0.0,0.0
0.0,0.0,0.0
0.0,0.0,0.0
0.0,0.0,0.0
0.0,0.0,0.0
0.0,0.0,0.0
0.0,0.0,0.0
0.0,0.0,0.0
0.0,0.0,0.0
0.0,0.0,0.0
0.00317390199603,0.0,3.97703669223e-05
0.0,0.0,0.0
0.0,0.0,0.0
0.0,0.0,0.0
0.0,0.0,0.0
0.0,0.0,0.0
0.0,0.0,0.0
0.0,0.0,0.0
0.0,0.0,0.0
0.0,0.0,0.0
0.0,0.0,0.0
0.0,0.0,0.0
0.000147138022139,0.0,2.45230036899e-05
0.0,0.0,0.0
0.00443518175209,0.0,0.000533667259412
0.000899007815114,0.0,4.28098959578e-05
0.000135784092505,0.0,2.26306820842e-05
0.0,0.0,0.0
0.0,0.0,0.0
0.00217555666864,0.0,0.00100218580146
0.00331806350013,0.0,0.000829515875033
0.0,0.0,0.0
0.0,0.0,0.0
0.0,0.0,0.0
0.0,0.0,0.0
0.0,0.0,0.0
0.0,0.0,0.0
0.00173875075539,0.0,4.4020067306e-05
0.0,0.0,0.0
0.0,0.0,0.0
0.00355846055719,0.0,0.000273199570939
0.0,0.0,0.0
0.0,0.0,0.0
0.0,0.0,0.0
0.000566146078796,0.0,3.53841299247e-05
0.0,0.0,0.0
0.0,0.0,0.0
0.0,0.0,0.0
0.0,0.0,0.0
0.0,0.0,0.0
0.0,0.0,0.0
0.00229912179546,0.0,0.000143122917447
0.00353433852004,0.0,0.000640186079358
0.00598897472389,0.0,0.00141509856677
0.0,0.0,0.0
0.0,0.0,0.0
0.0,0.0,0.0
0.0,0.0,0.0
0.0,0.0,0.0
0.00217336447587,0.0,0.000271670559484
0.0,0.0,0.0
0.0,0.0,0.0
0.003524905774,0.0,0.0008812264435
0.0,0.0,0.0
0.0,0.0,0.0
0.0,0.0,0.0
0.0,0.0,0.0
0.0,0.0,0.0
0.0,0.0,0.0
0.0,0.0,0.0
0.0,0.0,0.0
0.0,0.0,0.0
0.0,0.0,0.0
0.000440351061999,0.0,7.47804385843e-05
0.0,0.0,0.0
0.0,0.0,0.0
0.0,0.0,0.0
0.0372617713807,0.0,0.00982163444877
0.0,0.0,0.0
0.0,0.0,0.0
0.0,0.0,0.0
0.0,0.0,0.0
0.0,0.0,0.0
0.0,0.0,0.0
0.0,0.0,0.0
0.000628504332356,0.0,3.49169073531e-05
0.0,0.0,0.0
0.0,0.0,0.0
0.0,0.0,0.0
0.00658455692375,0.0,0.00164613923094
0.0,0.0,0.0
0.0,0.0,0.0
0.0,0.0,0.0
0.0,0.0,0.0
0.00977959067963,0.0,0.00293812640093
0.00258926829716,0.0,8.63089432388e-05
0.0,0.0,0.0
0.0,0.0,0.0
0.0,0.0,0.0
0.0,0.0,0.0
0.0,0.0,0.0
0.0,0.0,0.0
0.0,0.0,0.0
0.0,0.0,0.0
0.0,0.0,0.0
0.00201772061743,0.0,5.04430154356e-05
0.0024139306472,0.0,9.13917201932e-05
0.00215494719219,0.0,7.1683709554e-05
0.000340936807833,0.0,3.29529517211e-05
0.0,0.0,0.0
0.00175144742072,0.0,0.000291907903453
0.0,0.0,0.0
0.0,0.0,0.0
0.0,0.0,0.0
0.00327532464809,0.0,0.000545887441348
0.0,0.0,0.0
0.0,0.0,0.0
0.0,0.0,0.0
0.0,0.0,0.0
0.00133388724451,0.0,0.000121801939632
0.0,0.0,0.0
0.000238975290855,0.0,1.32764050475e-05
0.0,0.0,0.0
0.0,0.0,0.0
0.0,0.0,0.0
0.0,0.0,0.0
0.0,0.0,0.0
0.0,0.0,0.0
0.0,0.0,0.0
0.0,0.0,0.0
0.0,0.0,0.0
0.0,0.0,0.0
0.0,0.0,0.0
0.00284393687291,0.0,2.52946221016e-05
0.00241985633974,0.0,8.26185440161e-05
0.0,0.0,0.0
0.0159114276481,0.0,0.00109452026239
0.0,0.0,0.0
0.0,0.0,0.0
0.0,0.0,0.0
0.0,0.0,0.0
0.0,0.0,0.0
0.0,0.0,0.0
0.00188488471445,0.0,0.000314147452408
0.0,0.0,0.0
0.00127802823742,0.0,7.10015687455e-05
0.00152880156846,0.0,0.00016986684094
0.00073522936234,0.0,7.3522936234e-05
0.0,0.0,0.0
0.00124698303072,0.0,0.000311745757679
0.0,0.0,0.0
0.0,0.0,0.0
0.0,0.0,0.0
0.00378693840847,0.0,0.000126231280282
0.000646849710465,0.0,0.000264913144976
0.0,0.0,0.0
0.0,0.0,0.0
0.0,0.0,0.0
0.0,0.0,0.0
0.0,0.0,0.0
0.0,0.0,0.0
0.0,0.0,0.0
0.0,0.0,0.0
0.0,0.0,0.0
0.0,0.0,0.0
0.000951136770398,0.0,2.71753362971e-05
0.0,0.0,0.0
0.0,0.0,0.0
0.0,0.0,0.0
0.0,0.0,0.0
0.0,0.0,0.0
0.0,0.0,0.0
0.0,0.0,0.0
0.00107699359565,0.0,0.000119665955073
0.0,0.0,0.0
0.0,0.0,0.0
0.0,0.0,0.0
0.0,0.0,0.0
0.00261397405847,0.0,0.000435662343079
0.0,0.0,0.0
0.0,0.0,0.0
0.0,0.0,0.0
0.000238657116858,0.0,1.98880930715e-05
0.00150588541298,0.0,0.000250980902163
0.0,0.0,0.0
0.00229387769825,0.0,2.51242479526e-05
0.0,0.0,0.0
0.00361372186387,0.0,0.000451715232984
0.0,0.0,0.0
0.0011715051834,0.0,5.22847038105e-05
0.0,0.0,0.0
0.0,0.0,0.0
0.0,0.0,0.0
0.000669504967467,0.0,2.39108916952e-05
0.0,0.0,0.0
0.00123222748447,0.0,6.84570824706e-05
0.00276454032094,0.0,0.000460756720156
0.0,0.0,0.0
0.0,0.0,0.0
0.00138782285992,0.0,0.000138782285992
0.0,0.0,0.0
0.000635429728966,0.0,7.94287161208e-05
0.0,0.0,0.0
0.000485372636572,0.0,5.39302929525e-05
0.0,0.0,0.0
0.0,0.0,0.0
0.0,0.0,0.0
0.0013068161751,0.0,0.000154923089657
0.000437159802796,0.0,7.28599671327e-05
0.0,0.0,0.0
0.0,0.0,0.0
0.0,0.0,0.0
0.0,0.0,0.0
0.03510816466,0.0,0.00159081933919
0.0,0.0,0.0
0.0,0.0,0.0
0.0,0.0,0.0
0.0,0.0,0.0
0.0,0.0,0.0
0.0,0.0,0.0
0.0,0.0,0.0
0.0,0.0,0.0
0.0,0.0,0.0
0.000665905371541,0.0,0.000110706964281
0.0,0.0,0.0
0.00172249294529,0.0,2.7609504777e-05
0.0017095918941,0.0,6.86492541671e-05
0.00174221504434,0.0,0.000124443931739
0.0,0.0,0.0
0.0,0.0,0.0
0.0,0.0,0.0
0.0,0.0,0.0
0.000203536939546,0.0,2.99319028744e-06
0.00309727985647,0.0,0.000346795466065
0.0,0.0,0.0
0.0,0.0,0.0
0.00275511482068,0.0,4.38027956306e-05
0.0053121413895,0.0,0.000136208753577
0.0,0.0,0.0
0.0205427101374,0.0,0.00654474514057
4.23818788627e-05,0.0,1.41191141208e-06
2.0627657247e-05,0.0,1.71897143725e-06
0.0,0.0,0.0
0.0,0.0,0.0
0.0,0.0,0.0
0.0,0.0,0.0
0.0,0.0,0.0
0.00546209646198,0.0,7.66520604784e-05
0.0,0.0,0.0
0.0,0.0,0.0
0.0,0.0,0.0
0.00186106723472,0.0,0.000310177872454
0.000244785955028,0.0,3.42515780662e-05
0.0,0.0,0.0
0.0,0.0,0.0
0.0,0.0,0.0
0.0,0.0,0.0
0.0,0.0,0.0
0.0,0.0,0.0
0.0,0.0,0.0
0.0,0.0,0.0
0.0,0.0,0.0
0.0,0.0,0.0
0.00261238885974,0.0,0.000152346756498
0.00314470524079,0.0,5.39095912701e-05
0.00861903951968,0.0,0.000338952831564
0.000896017665222,0.0,3.87813527446e-05
0.0,0.0,0.0
0.0,0.0,0.0
0.0,0.0,0.0
0.00486759499118,0.0,0.000605693285163
0.0,0.0,0.0
0.0,0.0,0.0
0.0110482592727,0.0,0.00028636885663
0.0,0.0,0.0
0.0,0.0,0.0
0.00184485539041,0.0,0.000816881472272
0.000626467387313,0.0,0.000101780014033
0.0,0.0,0.0
0.0,0.0,0.0
0.0,0.0,0.0
0.0,0.0,0.0
0.0,0.0,0.0
0.0,0.0,0.0
0.0,0.0,0.0
0.00180508091129,0.0,0.000451270227821
0.0,0.0,0.0
0.00394217136053,0.0,0.000328514280044
8.28774574737e-05,0.0,2.30215159649e-06
0.0,0.0,0.0
0.0,0.0,0.0
0.0,0.0,0.0
0.0,0.0,0.0
0.0,0.0,0.0
0.00156994188989,0.0,3.92485472472e-05
0.0,0.0,0.0
0.0,0.0,0.0
0.0,0.0,0.0
0.0,0.0,0.0
0.000426420384973,0.0,1.33256370304e-05
0.0,0.0,0.0
0.000100905822665,0.0,3.36352742217e-06
0.0,0.0,0.0
0.0,0.0,0.0
0.000501172541066,0.0,8.35287568443e-05
0.0,0.0,0.0
0.0,0.0,0.0
0.00152083715829,0.0,0.00050457945781
0.00497165184863,0.0,0.000808000103197
0.0,0.0,0.0
0.0,0.0,0.0
0.0,0.0,0.0
0.00346831211228,0.0,0.000213223434655
0.0,0.0,0.0
0.000580422977376,0.0,3.00689612522e-05
0.0,0.0,0.0
0.000334740361939,0.0,9.2983433872e-06
0.0,0.0,0.0
0.0,0.0,0.0
0.0,0.0,0.0
0.0,0.0,0.0
0.0,0.0,0.0
0.0,0.0,0.0
0.0,0.0,0.0
0.0,0.0,0.0
0.00501124316629,0.0,0.000321259587635
0.0,0.0,0.0
0.0,0.0,0.0
0.0,0.0,0.0
0.0034337353567,0.0,5.72289226117e-05
0.00120392672302,0.0,0.000119132192233
0.000942826539494,0.0,0.000354580713818
0.00106590072383,0.0,4.84500329013e-05
0.0,0.0,0.0
0.00064290714658,0.0,6.76593857035e-05
0.0,0.0,0.0
0.00192851135869,0.0,0.00056870154051
0.0,0.0,0.0
0.0,0.0,0.0
0.00993903528668,0.0,0.000477737357563
0.00319576442039,0.0,4.06399910478e-05
0.0,0.0,0.0
0.0,0.0,0.0
0.00604484684332,0.0,0.00101023777505
0.0,0.0,0.0
0.0,0.0,0.0
0.0,0.0,0.0
0.000209710631651,0.0,1.39807087767e-05
0.0,0.0,0.0
0.0,0.0,0.0
0.000944174466523,0.0,3.5754249833e-05
0.00440403624113,0.0,9.619750784e-05
0.0,0.0,0.0
0.0,0.0,0.0
0.0,0.0,0.0
0.0,0.0,0.0
0.00249543298256,0.0,0.000283963702295
0.00487570461652,0.0,0.000133010773607
0.0,0.0,0.0
0.0,0.0,0.0
0.00398292191415,0.0,0.000663820319025
0.00116998373271,0.0,2.77221793553e-05
0.0,0.0,0.0
0.0,0.0,0.0
0.0,0.0,0.0
0.0,0.0,0.0
0.0,0.0,0.0
0.0,0.0,0.0
0.000821725006941,0.0,0.000325074506925
0.00282579725351,0.0,7.84943681531e-05
0.0,0.0,0.0
0.0,0.0,0.0
0.0,0.0,0.0
0.00491837674501,0.0,0.000315128606081
0.0,0.0,0.0
0.0,0.0,0.0
0.0,0.0,0.0
0.0,0.0,0.0
0.00169727891625,0.0,0.000120123605065
0.0,0.0,0.0
0.000392254528069,0.0,7.63488159497e-05
0.0,0.0,0.0
0.0,0.0,0.0
0.0,0.0,0.0
0.0,0.0,0.0
0.000654578757789,0.0,4.09111723618e-05
0.0,0.0,0.0
0.0,0.0,0.0
0.0,0.0,0.0
0.0,0.0,0.0
0.0,0.0,0.0
0.000610739766498,0.0,7.63424708123e-05
0.0,0.0,0.0
0.0,0.0,0.0
0.000436049888601,0.0,7.7866051536e-06
0.0,0.0,0.0
0.0085565729652,0.0,0.00333136748191
0.0,0.0,0.0
0.000122356861789,0.0,1.52946077236e-05
0.00414855846938,0.0,0.000320792380333
0.0,0.0,0.0
0.0,0.0,0.0
0.000735209203172,0.0,0.000122534867195
0.0,0.0,0.0
0.00200355789293,0.0,0.000151184844797
0.0036746431685,0.0,0.000247991492936
0.0,0.0,0.0
0.0,0.0,0.0
0.0,0.0,0.0
0.000315213775695,0.0,7.88034439239e-05
0.0,0.0,0.0
0.0,0.0,0.0
0.0,0.0,0.0
0.000851549929397,0.0,0.000148352054975
0.0,0.0,0.0
0.000464091536193,0.0,0.00019751304112
0.0,0.0,0.0
0.00237235357374,0.0,7.13616861246e-05
0.00125248194894,0.0,8.16706148031e-05
0.000307747702958,0.0,2.19819787827e-05
0.0,0.0,0.0
0.00132498618965,0.0,0.000117108633124
0.000645630087144,0.0,0.000159329511592
0.0,0.0,0.0
0.0,0.0,0.0
0.0,0.0,0.0
0.000675773403233,0.0,2.81572251347e-05
0.0,0.0,0.0
0.00266192104629,0.0,3.61906776037e-05
0.0,0.0,0.0
0.0,0.0,0.0
0.00260366252575,0.0,6.19919648989e-05
0.0,0.0,0.0
0.0,0.0,0.0
0.0,0.0,0.0
0.0,0.0,0.0
0.0,0.0,0.0
0.000272306587829,0.0,9.10657850206e-06
0.00525945173228,0.0,0.000285167732146
0.0,0.0,0.0
0.0,0.0,0.0
0.0,0.0,0.0
0.0,0.0,0.0
0.0,0.0,0.0
0.0,0.0,0.0
0.0,0.0,0.0
0.0,0.0,0.0
0.0,0.0,0.0
0.0,0.0,0.0
0.0,0.0,0.0
0.0,0.0,0.0
0.0,0.0,0.0
0.0,0.0,0.0
0.0,0.0,0.0
0.0,0.0,0.0
0.000611962043801,0.0,0.000232188832302
0.0,0.0,0.0
0.0,0.0,0.0
0.0,0.0,0.0
0.0,0.0,0.0
0.0,0.0,0.0
0.00051688727972,0.0,5.1688727972e-05
3.28391637828e-05,0.0,6.08132662645e-07
0.0,0.0,0.0
0.00143423755583,0.0,0.00012500849339
0.0,0.0,0.0
0.0,0.0,0.0
0.0,0.0,0.0
0.0,0.0,0.0
0.0,0.0,0.0
0.0,0.0,0.0
0.00159029793599,0.0,4.18499456839e-05
0.00474483001841,0.0,0.000593103752302
0.0,0.0,0.0
0.00189652620911,0.0,0.000316087701519
0.00109563524094,0.0,1.8260587349e-05
0.0,0.0,0.0
0.0,0.0,0.0
0.0,0.0,0.0
0.00774852159307,0.0,0.000538366366697
0.0,0.0,0.0
0.0,0.0,0.0
0.0,0.0,0.0
0.0,0.0,0.0
2.11788517249e-05,0.0,1.76490431041e-06
0.0,0.0,0.0
0.0,0.0,0.0
0.0,0.0,0.0
0.000880857459096,0.0,0.000108957409222
0.00203804199235,0.0,6.79347330784e-05
0.00620229164757,0.0,0.00131427367179
0.0,0.0,0.0
0.0,0.0,0.0
0.0,0.0,0.0
0.0,0.0,0.0
0.0,0.0,0.0
0.0,0.0,0.0
0.0,0.0,0.0
0.00961396557472,0.0,0.00180375110506
0.0,0.0,0.0
0.0,0.0,0.0
0.0,0.0,0.0
0.00292206515868,0.0,4.51672902022e-05
0.00297917445817,0.0,0.000297917445817
0.0,0.0,0.0
0.0,0.0,0.0
0.00444656815693,0.0,0.00111164203923
0.0,0.0,0.0
0.0,0.0,0.0
0.000506390011277,0.0,8.43983352129e-05
0.0,0.0,0.0
0.0,0.0,0.0
0.0,0.0,0.0
0.0,0.0,0.0
0.0,0.0,0.0
0.0,0.0,0.0
0.0,0.0,0.0
0.0,0.0,0.0
0.0,0.0,0.0
0.000790419533774,0.0,0.000131736588962
0.000771482286394,0.0,0.000146050406783
0.0,0.0,0.0
0.00773881356747,0.0,0.00193470339187
0.0,0.0,0.0
0.0,0.0,0.0
0.0,0.0,0.0
0.0,0.0,0.0
0.0,0.0,0.0
0.0,0.0,0.0
0.0,0.0,0.0
0.00253354277139,0.0,1.69037612698e-05
0.0,0.0,0.0
0.00233231594672,0.0,4.85899155567e-05
0.0,0.0,0.0
0.0,0.0,0.0
0.0,0.0,0.0
0.0,0.0,0.0
0.0,0.0,0.0
0.0,0.0,0.0
0.0,0.0,0.0
0.00560786487873,0.0,0.000183023654578
0.0,0.0,0.0
0.0,0.0,0.0
0.0,0.0,0.0
0.0,0.0,0.0
0.0,0.0,0.0
0.0,0.0,0.0
0.0,0.0,0.0
0.0,0.0,0.0
0.0,0.0,0.0
0.00827917582372,0.0,0.00110490534269
0.0163808996264,5.86271828196e-07,0.00414473738146
0.0,0.0,0.0
0.00139512432297,0.0,0.000199228375661
0.0,0.0,0.0
0.0,0.0,0.0
0.0,0.0,0.0
0.0,0.0,0.0
0.0,0.0,0.0
0.00446335150819,0.0,0.000743891918032
0.0,0.0,0.0
0.0,0.0,0.0
0.0,0.0,0.0
0.0,0.0,0.0
0.0,0.0,0.0
0.00238631503353,0.0,0.000105937368452
0.00171734038054,0.0,0.000214667547567
0.0,0.0,0.0
0.0,0.0,0.0
0.00369253729916,0.0,0.000129889825873
0.0,0.0,0.0
0.00538119189489,0.0,0.00044652293698
0.0,0.0,0.0
0.0,0.0,0.0
0.0,0.0,0.0
0.0,0.0,0.0
0.0,0.0,0.0
0.00259253625222,0.0,0.000259253625222
0.00101342735729,0.0,6.75618238193e-05
0.0,0.0,0.0
0.0,0.0,0.0
0.0,0.0,0.0
0.0,0.0,0.0
0.0,0.0,0.0
0.00375154772028,0.0,0.000190314310982
0.00254882107952,0.0,0.000364824239339
0.0,0.0,0.0
0.0,0.0,0.0
0.00145655056006,0.0,9.1034410004e-05
0.000534687691562,0.0,5.06887803827e-05
0.0,0.0,0.0
0.000238480838923,0.0,7.45252621634e-06
0.00189929936889,0.0,0.000317577584446
0.0,0.0,0.0
0.0,0.0,0.0
0.00162227477239,0.0,4.51089089101e-05
0.0,0.0,0.0
0.0,0.0,0.0
0.00594441805581,0.0,0.000495368171317
0.0,0.0,0.0
0.00330684459574,0.0,0.000644024367087
0.00058957208004,0.0,8.20673876219e-06
0.0,0.0,0.0
0.0,0.0,0.0
0.0,0.0,0.0
0.0,0.0,0.0
0.00583577500548,0.0,0.000120412668087
0.0,0.0,0.0
0.0,0.0,0.0
0.0303648623052,0.0,0.00192780401108
0.0,0.0,0.0
0.0,0.0,0.0
0.0,0.0,0.0
0.0,0.0,0.0
0.0,0.0,0.0
0.00217892212425,0.0,0.000121019736377
0.0,0.0,0.0
0.00643831535178,0.0,0.000536526279315
0.00193165145533,0.0,0.000140992027709
0.00325806540854,0.0,0.000872962223926
0.0,0.0,0.0
0.0,0.0,0.0
0.0,0.0,0.0
0.0,0.0,0.0
0.0,0.0,0.0
0.0,0.0,0.0
0.0,0.0,0.0
0.00418673006097,0.0,0.000199368098141
0.00304473020884,0.0,0.000189752816548
0.00118724027894,0.0,0.000287911624238
0.000638306737523,0.0,2.90139426147e-05
0.0,0.0,0.0
0.00332276231415,0.0,0.000219558972213
0.0,0.0,0.0
0.0,0.0,0.0
0.00259223424218,0.0,0.000156181746668
0.0,0.0,0.0
0.00280525992421,0.0,0.000481771353357
0.0623442797041,0.0,0.00623442797041
0.0,0.0,0.0
0.0,0.0,0.0
0.0,0.0,0.0
0.0,0.0,0.0
0.00103337343955,0.0,9.77457241681e-05
0.0,0.0,0.0
0.0,0.0,0.0
0.0,0.0,0.0
0.0,0.0,0.0
0.00192213411863,0.0,0.000320355686438
0.0,0.0,0.0
0.0,0.0,0.0
0.0,0.0,0.0
0.0,0.0,0.0
0.0,0.0,0.0
0.0,0.0,0.0
0.0,0.0,0.0
0.0,0.0,0.0
0.0,0.0,0.0
0.0,0.0,0.0
0.0,0.0,0.0
0.0,0.0,0.0
0.0,0.0,0.0
0.0,0.0,0.0
0.00187325617343,0.0,7.80523405596e-05
0.0,0.0,0.0
0.00123292123831,0.0,2.05486873052e-05
0.00159950650376,0.0,1.28296834277e-05
0.00319649304315,0.0,0.000122465023586
0.0,0.0,0.0
0.0,0.0,0.0
0.00367676436784,0.0,2.59014999589e-05
0.0,0.0,0.0
0.00112839434378,0.0,7.35987432281e-05
0.0,0.0,0.0
0.0,0.0,0.0
0.0,0.0,0.0
0.00150680177953,0.0,0.000156034621652
0.0,0.0,0.0
0.0,0.0,0.0
0.0,0.0,0.0
0.00178990242262,0.0,0.000123497482216
0.0,0.0,0.0
0.00130704497568,0.0,0.00014522721952
0.0,0.0,0.0
0.0,0.0,0.0
0.0,0.0,0.0
0.0,0.0,0.0
0.00259918227318,0.0,0.000286584718645
0.0,0.0,0.0
0.0,0.0,0.0
0.0,0.0,0.0
0.0,0.0,0.0
0.0,0.0,0.0
0.0,0.0,0.0
0.0,0.0,0.0
0.0,0.0,0.0
0.0,0.0,0.0
0.0,0.0,0.0
0.0,0.0,0.0
0.0,0.0,0.0
0.0,0.0,0.0
0.000728715619713,0.0,1.1211009534e-05
0.0,0.0,0.0
0.0,0.0,0.0
0.0,0.0,0.0
0.0,0.0,0.0
0.0,0.0,0.0
0.000265965978776,0.0,6.64914946941e-06
0.0,0.0,0.0
0.0,0.0,0.0
0.000645107416677,0.0,1.15197752978e-05
0.000336005537491,0.0,8.40013843728e-05
0.0,0.0,0.0
0.0,0.0,0.0
0.0028229012879,0.0,0.00028229012879
0.0,0.0,0.0
0.000752751773125,0.0,4.70469858203e-05
0.000112650506455,0.0,1.40813133069e-05
0.0,0.0,0.0
0.0,0.0,0.0
0.0,0.0,0.0
0.0,0.0,0.0
0.000477394690875,0.0,2.28541714473e-05
0.0,0.0,0.0
0.0,0.0,0.0
0.0,0.0,0.0
0.0,0.0,0.0
0.0,0.0,0.0
0.0,0.0,0.0
0.0,0.0,0.0
0.0,0.0,0.0
0.0,0.0,0.0
0.0,0.0,0.0
0.0,0.0,0.0
0.0,0.0,0.0
0.00130804190345,0.0,0.000130804190345
0.0,0.0,0.0
0.0,0.0,0.0
0.0,0.0,0.0
0.00762422059645,0.0,0.000270540922718
0.0,0.0,0.0
0.00219541578575,0.0,0.000218369989593
0.000194571148578,0.0,1.21606967861e-05
0.0,0.0,0.0
0.0,0.0,0.0
0.0,0.0,0.0
0.0,0.0,0.0
0.0,0.0,0.0
0.0,0.0,0.0
0.0,0.0,0.0
0.0,0.0,0.0
0.0,0.0,0.0
0.0,0.0,0.0
0.0,0.0,0.0
0.0,0.0,0.0
0.0,0.0,0.0
0.0,0.0,0.0
0.0,0.0,0.0
0.0,0.0,0.0
0.0,0.0,0.0
0.000470704591818,0.0,0.000174509554797
0.0,0.0,0.0
0.0,0.0,0.0
0.0110099731103,0.0,0.00354918774003
0.00189566547425,0.0,0.000513745060271
0.000857952867795,0.0,7.14960723162e-05
0.0,0.0,0.0
0.00226764597733,0.0,0.000283455747166
0.0,0.0,0.0
0.0,0.0,0.0
0.0,0.0,0.0
0.0,0.0,0.0
0.0,0.0,0.0
0.00278497022821,0.0,0.000464161704702
0.0,0.0,0.0
0.00197049369116,0.0,7.03747746842e-05
0.0,0.0,0.0
0.0,0.0,0.0
0.00110689091782,0.0,0.000203059719628
0.0,0.0,0.0
0.00113129958159,0.0,0.000141412447699
0.0,0.0,0.0
0.00769256239294,0.0,6.84449582322e-05
0.000790353935663,0.0,0.000383385393956
0.00350557447587,0.0,0.000146065603161
0.0,0.0,0.0
0.0,0.0,0.0
0.0,0.0,0.0
0.0,0.0,0.0
0.0,0.0,0.0
0.0,0.0,0.0
0.00364621460654,0.0,0.000364621460654
0.0,0.0,0.0
0.00229452399611,0.0,0.000382420666018
0.00809315411945,0.0,0.000237238214538
0.0,0.0,0.0
0.00149823008602,0.0,0.000574848229641
0.0,0.0,0.0
0.000712383723142,0.0,8.90479653927e-05
0.000225518285928,0.0,2.81897857409e-05
0.0,0.0,0.0
0.0,0.0,0.0
1.71889432684e-05,0.0,2.86482387807e-06
0.0,0.0,0.0
0.0,0.0,0.0
0.0,0.0,0.0
0.0,0.0,0.0
0.0,0.0,0.0
0.0,0.0,0.0
0.0,0.0,0.0
0.0,0.0,0.0
0.0,0.0,0.0
0.0,0.0,0.0
0.00188746153493,0.0,0.000314576922489
0.0,0.0,0.0
0.0,0.0,0.0
0.0,0.0,0.0
0.0,0.0,0.0
0.0,0.0,0.0
0.0,0.0,0.0
0.0,0.0,0.0
0.0,0.0,0.0
0.0138115209163,0.0,8.40959736865e-05
0.0,0.0,0.0
0.0,0.0,0.0
0.0,0.0,0.0
0.00598299492742,0.0,0.000347287761533
0.0,0.0,0.0
0.0,0.0,0.0
0.00153774838746,0.0,0.000136348432129
0.0,0.0,0.0
0.000502474937164,0.0,8.37458228607e-05
0.0,0.0,0.0
0.0,0.0,0.0
0.0,0.0,0.0
0.0,0.0,0.0
0.0,0.0,0.0
0.00336048053753,0.0,0.000224032035836
0.0,0.0,0.0
0.0,0.0,0.0
0.0,0.0,0.0
0.0,0.0,0.0
0.00284318741811,0.0,0.000173340603641
0.00414086629193,0.0,0.00127944554896
0.00354400535593,0.0,0.00100064687995
0.000424776506903,0.0,0.000118468598511
0.000171633144346,0.0,2.18618404843e-05
0.00207832647645,0.0,0.000220288782735
0.000615548334344,0.0,6.83942593716e-05
0.0,0.0,0.0
0.0,0.0,0.0
0.0,0.0,0.0
0.0,0.0,0.0
0.0,0.0,0.0
0.0246542400321,0.0,0.00112064727419
0.0,0.0,0.0
3.90081439183e-06,0.0,1.95040719592e-07
0.0,0.0,0.0
0.0,0.0,0.0
0.000321673293049,0.0,7.14829540108e-06
0.0,0.0,0.0
0.00390099029621,0.0,0.000365985852795
0.00283397958073,0.0,0.000471669551237
0.000273171851773,0.0,4.13896745111e-06
0.0,0.0,0.0
0.0,0.0,0.0
0.0,0.0,0.0
0.0,0.0,0.0
0.0,0.0,0.0
0.0,0.0,0.0
0.0,0.0,0.0
0.0,0.0,0.0
0.0,0.0,0.0
0.0,0.0,0.0
0.0,0.0,0.0
0.0,0.0,0.0
0.00270078172999,0.0,9.64564903569e-05
0.0,0.0,0.0
0.0,0.0,0.0
0.000928024244901,0.0,5.15569024945e-05
0.000982232197843,0.0,2.45558049461e-05
0.000694165811357,0.0,1.5425906919e-05
0.0,0.0,0.0
0.0,0.0,0.0
0.0226575112049,0.0,0.00362218156299
0.0,0.0,0.0
0.0,0.0,0.0
0.0,0.0,0.0
0.000418947223094,0.0,1.04736805773e-05
0.00151220020828,0.0,0.000157428793917
0.000574009332573,0.0,0.000143502333143
0.000798594720366,0.0,5.32396480244e-05
0.0,0.0,0.0
0.0,0.0,0.0
0.0,0.0,0.0
0.0,0.0,0.0
0.00722860392338,0.0,0.00120476732056
0.00310969590445,0.0,0.000259141325371
0.0,0.0,0.0
0.0118631433494,0.0,0.001918525335
0.0,0.0,0.0
0.0,0.0,0.0
0.00474227346436,0.0,0.000790378910727
0.00127746333814,0.0,3.27554702087e-05
0.0,0.0,0.0
0.0,0.0,0.0
0.0,0.0,0.0
0.0,0.0,0.0
0.00164219305694,0.0,7.4197519789e-05
0.0,0.0,0.0
0.00940626158857,0.0,0.00290535327506
0.0012091401063,0.0,8.63671504503e-05
0.0,0.0,0.0
0.00181082311685,0.0,0.000120721541123
0.0,0.0,0.0
0.0,0.0,0.0
0.00123907498188,0.0,0.000170039770087
0.00265663065442,0.0,1.75125402808e-05
0.0,0.0,0.0
0.0,0.0,0.0
0.00179508468876,0.0,0.000198937044957
0.0,0.0,0.0
0.00126675995139,0.0,0.000215776984356
0.00490328297773,0.0,0.000445247787265
0.000753787203579,0.0,8.3754133731e-05
0.00421956235755,0.0,0.00126678861477
0.0,0.0,0.0
0.0,0.0,0.0
0.0,0.0,0.0
0.000657427000108,0.0,5.47855833423e-05
0.0,0.0,0.0
0.0,0.0,0.0
0.0,0.0,0.0
0.0216142723468,0.0,0.00540356808671
0.00252749226515,0.0,0.000326676984153
0.0,0.0,0.0
0.0,0.0,0.0
0.0,0.0,0.0
0.0,0.0,0.0
0.000964651296502,0.0,0.000107183477389
0.0,0.0,0.0
0.00309326541384,0.0,0.00025777211782
0.0,0.0,0.0
0.0,0.0,0.0
0.0,0.0,0.0
0.0,0.0,0.0
0.0,0.0,0.0
0.0,0.0,0.0
0.000611634089565,0.0,0.000101939014928
0.0,0.0,0.0
0.00569271933975,0.0,0.00244645832009
0.00130984648426,0.0,8.73230989505e-05
0.0089798597349,0.0,0.000320709276246
0.0,0.0,0.0
0.0,0.0,0.0
0.0,0.0,0.0
0.0036206308023,0.0,0.000165930073714
0.0,0.0,0.0
0.0,0.0,0.0
0.0,0.0,0.0
0.0,0.0,0.0
0.0,0.0,0.0
0.0,0.0,0.0
0.0,0.0,0.0
0.0,0.0,0.0
0.023669469226,0.0,0.00309469697036
0.0,0.0,0.0
0.000932465497602,0.0,0.000155410916267
0.0,0.0,0.0
0.0,0.0,0.0
0.00300718796493,0.0,0.000292236565655
0.0,0.0,0.0
0.00551709184815,0.0,0.000344818240509
0.0,0.0,0.0
0.0,0.0,0.0
0.000351920806341,0.0,3.91023118157e-05
0.0,0.0,0.0
0.0,0.0,0.0
0.0156295996989,0.0,0.00152378834813
0.00612570913901,0.0,0.000389981655919
0.000188437807366,0.0,4.71094518414e-05
0.0,0.0,0.0
0.00693750901547,0.0,0.000158565121224
0.0,0.0,0.0
0.000507805253247,0.0,1.95309712787e-05
0.0,0.0,0.0
0.0,0.0,0.0
0.0,0.0,0.0
0.0,0.0,0.0
0.00136590193963,0.0,0.000224039791073
0.0,0.0,0.0
0.0,0.0,0.0
0.0,0.0,0.0
0.0,0.0,0.0
0.0016081984907,0.0,2.36410074055e-05
0.0,0.0,0.0
0.0,0.0,0.0
0.0,0.0,0.0
0.0,0.0,0.0
0.00302750930678,0.0,0.000189219331674
0.0,0.0,0.0
0.000517142659616,0.0,6.45178974987e-05
0.0,0.0,0.0
0.000754030775809,0.0,3.1417948992e-05
0.0,0.0,0.0
0.0,0.0,0.0
0.0,0.0,0.0
0.000549217005096,0.0,6.10241116773e-05
0.0,0.0,0.0
0.0,0.0,0.0
0.0,0.0,0.0
0.000431222951645,0.0,1.19784153235e-05
0.0,0.0,0.0
0.0,0.0,0.0
0.0,0.0,0.0
0.0,0.0,0.0
0.0,0.0,0.0
0.0,0.0,0.0
0.0,0.0,0.0
0.0284489618078,0.0,0.000949746358988
0.000350976313398,0.0,5.84960522331e-05
0.0,0.0,0.0
0.0,0.0,0.0
0.0,0.0,0.0
0.00600991591407,0.0,4.51356308821e-05
0.00303619331011,0.0,0.000453699989841
0.0,0.0,0.0
0.0,0.0,0.0
0.00151928545557,0.0,0.000379821363892
0.00262693781626,0.0,0.000437822969377
0.0,0.0,0.0
0.0,0.0,0.0
0.0,0.0,0.0
0.0019050234071,0.0,0.000423334507264
0.000900623664837,0.0,7.5877095235e-05
0.0,0.0,0.0
0.0,0.0,0.0
0.0,0.0,0.0
0.0,0.0,0.0
0.0,0.0,0.0
0.0,0.0,0.0
0.0,0.0,0.0
0.0,0.0,0.0
0.0,0.0,0.0
0.0,0.0,0.0
0.0,0.0,0.0
0.0,0.0,0.0
0.000168001465173,0.0,2.80002441955e-05
0.0,0.0,0.0
0.0,0.0,0.0
0.000598605524182,0.0,8.53847428283e-05
0.0,0.0,0.0
0.0,0.0,0.0
0.0,0.0,0.0
0.000165790255276,0.0,2.07237819096e-05
0.0,0.0,0.0
0.00176953751507,0.0,0.000116029894213
0.0,0.0,0.0
0.0,0.0,0.0
0.0,0.0,0.0
0.00144781587387,0.0,0.000120651322823
0.00116610412157,0.0,8.32931515407e-05
0.0,0.0,0.0
0.0,0.0,0.0
0.0,0.0,0.0
0.0,0.0,0.0
0.0,0.0,0.0
0.0,0.0,0.0
0.0,0.0,0.0
0.0,0.0,0.0
0.0,0.0,0.0
0.000203506151813,0.0,3.42294928197e-05
0.0,0.0,0.0
0.0,0.0,0.0
0.0,0.0,0.0
0.0,0.0,0.0
0.00104289478285,0.0,0.000173815797141
0.0,0.0,0.0
0.0,0.0,0.0
0.0,0.0,0.0
0.0,0.0,0.0
0.0,0.0,0.0
0.0,0.0,0.0
0.00345351655427,0.0,0.000215844784642
0.00408020976602,0.0,0.000132105440025
0.00191987607569,0.0,0.000153342407712
0.00334658945651,0.0,2.91653921927e-05
0.00335794791184,0.0,3.35794791184e-05
0.0,0.0,0.0
0.00121472616017,0.0,2.6106761811e-05
0.0,0.0,0.0
0.0,0.0,0.0
0.0,0.0,0.0
0.000370128573513,0.0,1.32188776255e-05
0.0,0.0,0.0
2.22471595283e-05,0.0,3.70785992138e-06
0.00266082615498,0.0,0.000113123391118
0.0,0.0,0.0
0.0,0.0,0.0
0.0,0.0,0.0
0.0,0.0,0.0
0.0,0.0,0.0
0.0,0.0,0.0
0.00466338815558,0.0,0.00102681075138
0.0152130853211,0.0,0.00380327133026
0.0,0.0,0.0
0.0,0.0,0.0
0.0,0.0,0.0
0.0,0.0,0.0
0.0,0.0,0.0
0.0,0.0,0.0
0.00104563135416,0.0,0.000105428396692
0.000476158689452,0.0,7.47661093002e-05
0.0,0.0,0.0
0.00119904984059,0.0,4.99604100246e-05
0.00236151735423,0.0,0.000692344626294
0.000233162315441,0.0,3.32817060433e-05
0.0,0.0,0.0
0.0,0.0,0.0
0.0,0.0,0.0
0.0,0.0,0.0
0.0,0.0,0.0
0.0,0.0,0.0
6.78706886806e-05,0.0,1.69676721702e-05
0.0,0.0,0.0
0.0,0.0,0.0
0.0,0.0,0.0
0.0,0.0,0.0
0.0,0.0,0.0
0.00803820445566,0.0,0.00206635843529
0.00451732301676,0.0,0.000322665929768
3.25842091231e-05,0.0,4.52558460043e-07
0.0,0.0,0.0
0.0,0.0,0.0
0.0,0.0,0.0
0.0,0.0,0.0
0.0,0.0,0.0
0.0,0.0,0.0
0.0,0.0,0.0
0.0,0.0,0.0
0.0,0.0,0.0
0.000164334245648,0.0,2.73890409414e-05
0.000350353572848,0.0,8.7588393212e-05
0.0,0.0,0.0
4.62639677896e-05,0.0,1.15659919474e-05
0.0,0.0,0.0
0.0,0.0,0.0
0.0,0.0,0.0
5.32141260782e-05,0.0,8.86902101303e-06
0.000169965354252,0.0,3.37564622878e-05
0.0,0.0,0.0
0.0,0.0,0.0
0.0,0.0,0.0
0.00307904876049,0.0,0.000384881095061
0.0,0.0,0.0
0.0,0.0,0.0
0.0,0.0,0.0
0.000102231863967,0.0,1.27789829959e-05
0.0,0.0,0.0
0.0,0.0,0.0
0.0,0.0,0.0
0.0,0.0,0.0
0.00259228127793,0.0,0.000151173593813
0.0,0.0,0.0
0.00111081839198,0.0,4.6284099666e-05
0.0,0.0,0.0
0.0,0.0,0.0
0.0,0.0,0.0
0.0,0.0,0.0
0.0,0.0,0.0
0.0,0.0,0.0
0.0,0.0,0.0
0.000456941415458,0.0,3.80784512882e-05
0.0,0.0,0.0
0.000166340435895,0.0,1.19208423133e-05
0.0,0.0,0.0
0.0,0.0,0.0
0.0,0.0,0.0
0.0,0.0,0.0
0.00023435549446,0.0,8.36983908785e-06
0.00249824474247,0.0,3.56824321443e-05
0.0,0.0,0.0
0.0,0.0,0.0
0.0,0.0,0.0
0.00852800395063,0.0,0.000426400197532
0.0,0.0,0.0
0.0,0.0,0.0
0.0,0.0,0.0
0.0,0.0,0.0
0.0,0.0,0.0
0.000408649979843,0.0,2.72433319895e-05
0.000941557416379,0.0,1.81068733919e-05
0.0,0.0,0.0
0.000491112366823,0.0,4.3011219836e-06
0.0,0.0,0.0
0.0,0.0,0.0
0.00242646858627,0.0,0.000606617146568
0.0,0.0,0.0
0.0,0.0,0.0
0.0,0.0,0.0
0.0,0.0,0.0
0.000589602380165,0.0,9.82670633608e-05
0.0,0.0,0.0
0.0,0.0,0.0
0.0,0.0,0.0
0.0,0.0,0.0
0.00172953755915,0.0,6.17691985412e-05
0.0,0.0,0.0
0.0,0.0,0.0
0.0,0.0,0.0
0.0,0.0,0.0
0.0,0.0,0.0
0.0,0.0,0.0
0.0,0.0,0.0
0.0,0.0,0.0
0.0,0.0,0.0
0.0,0.0,0.0
0.0,0.0,0.0
0.00157971416596,0.0,5.641836307e-05
0.00721123171743,0.0,0.000291866534673
0.0,0.0,0.0
0.0,0.0,0.0
0.0,0.0,0.0
0.0,0.0,0.0
0.00898997192597,0.0,0.000691583809747
0.00547164454691,0.0,0.000406872016385
4.21882360513e-05,0.0,1.05470590128e-05
0.0023267933699,0.0,0.000155046356635
0.0,0.0,0.0
0.0051002427259,0.0,0.00096817871861
0.0,0.0,0.0
0.0,0.0,0.0
0.0,0.0,0.0
0.0,0.0,0.0
0.000946899247704,0.0,1.97270676605e-05
0.0,0.0,0.0
0.0,0.0,0.0
0.0,0.0,0.0
0.0,0.0,0.0
0.0,0.0,0.0
0.0,0.0,0.0
0.0,0.0,0.0
0.0083707083488,0.0,0.00174904818632
0.00192343974834,0.0,9.61719874171e-05
0.0,0.0,0.0
0.0,0.0,0.0
0.0,0.0,0.0
0.00146544406367,0.0,0.000292920926281
0.0,0.0,0.0
0.00207548894002,0.0,2.49284161694e-05
0.0,0.0,0.0
0.0,0.0,0.0
0.0,0.0,0.0
0.00238051110275,0.0,0.000249678347988
0.0,0.0,0.0
0.0,0.0,0.0
0.0,0.0,0.0
0.0,0.0,0.0
0.0,0.0,0.0
0.0,0.0,0.0
0.0,0.0,0.0
0.00121695990298,0.0,3.34013808545e-05
0.00256781174777,0.0,0.000256781174777
0.0,0.0,0.0
0.0,0.0,0.0
0.0,0.0,0.0
0.0,0.0,0.0
0.0,0.0,0.0
0.000889210393917,0.0,2.59889190458e-05
0.0,0.0,0.0
0.0,0.0,0.0
0.0,0.0,0.0
0.0,0.0,0.0
0.0,0.0,0.0
0.0,0.0,0.0
0.0,0.0,0.0
0.0,0.0,0.0
0.0,0.0,0.0
0.0,0.0,0.0
0.0,0.0,0.0
0.00240309292401,0.0,0.000802747513581
0.000477562788573,0.0,0.000165262093758
0.0,0.0,0.0
0.00273505842378,0.0,0.000107247561548
0.0104909510271,0.0,0.000902550409574
0.0,0.0,0.0
0.0,0.0,0.0
0.0,0.0,0.0
0.0,0.0,0.0
0.0,0.0,0.0
0.00886223090889,0.0,0.000391914667577
0.00531813827689,0.0,0.000295421516276
0.0,0.0,0.0
0.0,0.0,0.0
0.0,0.0,0.0
0.00173437791532,0.0,0.000163527607493
0.0,0.0,0.0
0.0,0.0,0.0
0.0,0.0,0.0
0.0,0.0,0.0
0.0,0.0,0.0
0.0,0.0,0.0
0.0,0.0,0.0
0.00407394960468,0.0,0.000145498200167
0.0,0.0,0.0
0.00672322152822,0.0,0.000508295391785
0.0102386925366,0.0,0.000554088174642
0.0,0.0,0.0
0.000526450376346,0.0,8.7741729391e-05
0.0,0.0,0.0
0.00182259034933,0.0,0.000141207141417
0.0,0.0,0.0
0.0,0.0,0.0
0.0,0.0,0.0
0.0,0.0,0.0
0.0,0.0,0.0
0.00794402979274,0.0,0.00275902874495
0.0,0.0,0.0
0.0,0.0,0.0
0.0,0.0,0.0
0.0,0.0,0.0
0.0,0.0,0.0
0.0,0.0,0.0
0.0,0.0,0.0
0.0,0.0,0.0
0.0,0.0,0.0
0.000847800720716,0.0,4.23900360358e-05
0.0010548741267,0.0,8.79061772254e-06
0.0018076452378,0.0,6.95248168384e-05
0.00101247797794,0.0,0.000101247797794
0.0,0.0,0.0
0.0,0.0,0.0
0.0,0.0,0.0
0.0,0.0,0.0
0.0,0.0,0.0
0.0,0.0,0.0
0.0,0.0,0.0
0.0,0.0,0.0
0.0,0.0,0.0
0.00163562732325,0.0,0.000102226707703
0.0,0.0,0.0
0.0,0.0,0.0
0.0,0.0,0.0
0.0,0.0,0.0
0.000952251920106,0.0,5.29028844503e-05
0.0,0.0,0.0
0.0,0.0,0.0
0.0,0.0,0.0
0.0,0.0,0.0
0.004210466026,0.0,0.000401407084023
0.0,0.0,0.0
0.0,0.0,0.0
0.0,0.0,0.0
0.0,0.0,0.0
0.000138854958758,0.0,2.89281164079e-06
0.0,0.0,0.0
0.0,0.0,0.0
0.0,0.0,0.0
0.0,0.0,0.0
0.00326260268312,0.0,0.000594468829353
0.0,0.0,0.0
0.0,0.0,0.0
0.0,0.0,0.0
0.0,0.0,0.0
0.00407593474326,0.0,0.000684039652361
0.00122571531059,0.0,3.96709433984e-05
0.0,0.0,0.0
0.0,0.0,0.0
0.0,0.0,0.0
0.0,0.0,0.0
0.0,0.0,0.0
0.0,0.0,0.0
0.0,0.0,0.0
0.000139575250468,0.0,1.55083611631e-05
0.0,0.0,0.0
0.0,0.0,0.0
2.47145015917e-05,0.0,3.08931269896e-06
0.0,0.0,0.0
0.0,0.0,0.0
3.77003613236e-05,0.0,3.14169677696e-06
0.000934098653982,0.0,0.000218985316849
0.0,0.0,0.0
0.00415898338006,0.0,0.000693163896677
0.0,0.0,0.0
0.0,0.0,0.0
0.0,0.0,0.0
0.0,0.0,0.0
0.0,0.0,0.0
0.0,0.0,0.0
0.0,0.0,0.0
0.0,0.0,0.0
0.0,0.0,0.0
0.0,0.0,0.0
0.0,0.0,0.0
0.0,0.0,0.0
0.000323103746738,0.0,5.66848678488e-06
0.0,0.0,0.0
0.0,0.0,0.0
0.00110217286182,0.0,3.04052680416e-05
0.0,0.0,0.0
0.0,0.0,0.0
0.0131664626227,0.0,0.00124581453552
0.000859029590643,0.0,0.000222315408661
0.0302593239171,0.0,0.00108375674345
0.000876130533323,0.0,0.000227074996606
0.00526812929769,0.0,0.000201328386691
0.00251153061628,0.0,0.000451139395647
0.00502907004105,0.0,0.000677383155593
0.0,0.0,0.0
0.00111079287036,0.0,7.40528580243e-05
0.0,0.0,0.0
0.0,0.0,0.0
0.00368723201753,0.0,0.000193478790544
0.0,0.0,0.0
0.0,0.0,0.0
0.0,0.0,0.0
0.000806860077207,0.0,0.000368320897588
0.00472660421635,0.0,3.05591177079e-05
0.00654964055478,0.0,0.000979900621135
0.000660581192111,0.0,0.000165145298028
0.0,0.0,0.0
0.0,0.0,0.0
0.0,0.0,0.0
0.0,0.0,0.0
0.0,0.0,0.0
0.0,0.0,0.0
0.0,0.0,0.0
0.0,0.0,0.0
0.0,0.0,0.0
0.00618431233978,0.0,0.0010307187233
0.00189566547425,0.0,0.000513745060271
0.0,0.0,0.0
0.0,0.0,0.0
0.0,0.0,0.0
0.0,0.0,0.0
0.0,0.0,0.0
0.000926334902678,0.0,0.00023158372567
0.0,0.0,0.0
0.0,0.0,0.0
0.0,0.0,0.0
0.0,0.0,0.0
0.0,0.0,0.0
0.0,0.0,0.0
0.0,0.0,0.0
0.0,0.0,0.0
0.00142291875975,0.0,0.000170528159786
0.00198348300956,0.0,0.000112948691647
0.0,0.0,0.0
0.00235762148654,0.0,0.000124197263794
0.0,0.0,0.0
0.00212126018084,0.0,5.41534417985e-05
1.49078638767e-05,0.0,3.72696596918e-06
0.0,0.0,0.0
0.0,0.0,0.0
0.0151793196211,0.0,0.00310263345484
0.0,0.0,0.0
0.00390719675764,0.0,0.00068232733391
0.0,0.0,0.0
0.0,0.0,0.0
0.0,0.0,0.0
0.00221683511654,0.0,0.000307656023626
0.0,0.0,0.0
0.0,0.0,0.0
0.00629002859695,0.0,0.000444945033448
0.000235977632897,0.0,1.9421070778e-05
0.0,0.0,0.0
0.0,0.0,0.0
0.0006153473751,0.0,9.3993424186e-05
0.0,0.0,0.0
0.000464471725596,0.0,1.72026565035e-05
0.00205215332216,0.0,9.55753287004e-05
0.0,0.0,0.0
0.00028779729841,0.0,1.59887388006e-05
0.00169478672826,0.0,0.00028246445471
0.0,0.0,0.0
0.0,0.0,0.0
0.0,0.0,0.0
0.000328543777669,0.0,4.10679722086e-05
0.000900272351462,0.0,0.000102205854292
0.0,0.0,0.0
0.0,0.0,0.0
0.00090063775014,0.0,6.43312678671e-05
0.0,0.0,0.0
0.0,0.0,0.0
0.0,0.0,0.0
0.0,0.0,0.0
0.000273588337883,0.0,3.90633110839e-05
0.00990057070371,0.0,0.000181851890258
0.000678312334104,0.0,0.000196208117989
0.0,0.0,0.0
0.0,0.0,0.0
0.0,0.0,0.0
0.0,0.0,0.0
0.0,0.0,0.0
0.0,0.0,0.0
0.0,0.0,0.0
0.00133778339493,0.0,9.74139815244e-05
0.0,0.0,0.0
0.0,0.0,0.0
0.000566146078796,0.0,3.53841299247e-05
0.0,0.0,0.0
0.0,0.0,0.0
0.0,0.0,0.0
0.0,0.0,0.0
0.0,0.0,0.0
0.0,0.0,0.0
0.0,0.0,0.0
0.0,0.0,0.0
0.000470349255092,0.0,5.87936568865e-05
0.0,0.0,0.0
0.0,0.0,0.0
0.0,0.0,0.0
0.000419293160044,0.0,6.98821933406e-05
0.000911656998021,0.0,9.11656998021e-05
0.0,0.0,0.0
0.00207505286288,0.0,0.000230550442276
0.00137251733135,0.0,8.99176234142e-05
0.0,0.0,0.0
0.0,0.0,0.0
0.0,0.0,0.0
0.0287790177618,0.0,0.0047965029603
0.0,0.0,0.0
7.43916832924e-06,0.0,6.19930694103e-07
0.0,0.0,0.0
0.0,0.0,0.0
0.0,0.0,0.0
0.00201617697916,0.0,4.2471954117e-05
0.00601293938477,0.0,0.000448848256345
0.0,0.0,0.0
0.0,0.0,0.0
0.0,0.0,0.0
0.00120239446879,0.0,0.00019830092539
0.000933612592318,0.0,2.33403148079e-05
0.0,0.0,0.0
0.0,0.0,0.0
0.0,0.0,0.0
0.0,0.0,0.0
0.0,0.0,0.0
0.0,0.0,0.0
0.0,0.0,0.0
0.0,0.0,0.0
0.00250251337951,0.0,0.000156687080386
0.00158554974774,0.0,0.000176172194194
0.0,0.0,0.0
0.0,0.0,0.0
0.0,0.0,0.0
0.0,0.0,0.0
0.0,0.0,0.0
0.000230877289736,0.0,6.98182645745e-05
0.0,0.0,0.0
0.0,0.0,0.0
0.0,0.0,0.0
0.0,0.0,0.0
0.0,0.0,0.0
0.0,0.0,0.0
0.0,0.0,0.0
0.0,0.0,0.0
0.0,0.0,0.0
0.0,0.0,0.0
0.0,0.0,0.0
0.00147939988351,0.0,0.000246566647252
0.0,0.0,0.0
0.0,0.0,0.0
0.0,0.0,0.0
0.00283397958073,0.0,0.000708494895182
0.000764323146142,0.0,2.12090031025e-05
0.0,0.0,0.0
0.0,0.0,0.0
0.000811981135759,0.0,1.08264151435e-05
0.0,0.0,0.0
6.11739367984e-05,0.0,2.54891403327e-06
0.0,0.0,0.0
0.0016951709519,0.0,0.000338403838356
0.0,0.0,0.0
0.0,0.0,0.0
0.00328378154698,0.0,0.000820945386746
0.0,0.0,0.0
0.0,0.0,0.0
0.00125175366598,0.0,4.17251221993e-05
0.0,0.0,0.0
0.0,0.0,0.0
0.0,0.0,0.0
0.00425358825395,0.0,0.00136870509408
0.0,0.0,0.0
0.00302152346199,0.0,0.000402850111538
0.0,0.0,0.0
0.0,0.0,0.0
0.000845483425299,0.0,2.11370856325e-05
0.0,0.0,0.0
0.0,0.0,0.0
0.0,0.0,0.0
0.0,0.0,0.0
0.000947976466138,0.0,9.47976466138e-05
0.0,0.0,0.0
0.0,0.0,0.0
0.0,0.0,0.0
0.00745053714711,0.0,0.000248636136701
0.000607634791163,0.0,4.3402485083e-05
0.0,0.0,0.0
0.0,0.0,0.0
0.0,0.0,0.0
0.0,0.0,0.0
0.0,0.0,0.0
0.0,0.0,0.0
0.0,0.0,0.0
0.0,0.0,0.0
0.0,0.0,0.0
0.0,0.0,0.0
0.0,0.0,0.0
0.0,0.0,0.0
0.0,0.0,0.0
0.0,0.0,0.0
0.0,0.0,0.0
0.0125348596832,0.0,0.000198966026718
0.000455230814995,0.0,0.000120062744496
0.0,0.0,0.0
0.0,0.0,0.0
0.0,0.0,0.0
0.0,0.0,0.0
0.0,0.0,0.0
0.0,0.0,0.0
0.000339125034102,0.0,5.6520839017e-05
0.000779585764993,0.0,3.2482740208e-05
0.000902159898839,0.0,8.35333239666e-06
0.000777272579047,0.0,3.10909031619e-05
0.0,0.0,0.0
0.00729834478408,0.0,0.00182458619602
0.0,0.0,0.0
0.000104733525061,0.0,3.87901944672e-06
0.0,0.0,0.0
0.0,0.0,0.0
0.000386319039576,0.0,9.6579759894e-05
0.0,0.0,0.0
0.0,0.0,0.0
0.0,0.0,0.0
0.0,0.0,0.0
0.0,0.0,0.0
0.0,0.0,0.0
0.000465965039555,0.0,0.000116491259889
0.0,0.0,0.0
0.0,0.0,0.0
0.0,0.0,0.0
0.00125712004973,0.0,7.85700031084e-05
0.0,0.0,0.0
0.00088560459657,0.0,0.000147600766095
0.0,0.0,0.0
0.0,0.0,0.0
0.0,0.0,0.0
0.0,0.0,0.0
0.000665685686904,0.0,5.28945091858e-06
0.0,0.0,0.0
0.00101307287284,0.0,6.75381915224e-05
0.0,0.0,0.0
0.0,0.0,0.0
0.0,0.0,0.0
0.0,0.0,0.0
0.0,0.0,0.0
0.0104816429923,0.0,0.000787489002762
0.0,0.0,0.0
0.000762725562868,0.0,5.08483708579e-05
0.0,0.0,0.0
0.0,0.0,0.0
0.0,0.0,0.0
0.0,0.0,0.0
0.0,0.0,0.0
0.00411503412683,0.0,9.79770030197e-05
0.0,0.0,0.0
0.0025607223945,0.0,3.04847904107e-05
0.0,0.0,0.0
0.0101792103903,0.0,0.000499479435087
0.0,0.0,0.0
0.000427685444495,0.0,0.000106921361124
0.00224750435744,0.0,0.000334004135451
0.0,0.0,0.0
0.0,0.0,0.0
0.0,0.0,0.0
0.00123772404296,0.0,0.000248406515522
0.0,0.0,0.0
0.0,0.0,0.0
0.0,0.0,0.0
0.0,0.0,0.0
0.00128376191176,0.0,8.02351194853e-05
0.0,0.0,0.0
0.0,0.0,0.0
0.0,0.0,0.0
0.0,0.0,0.0
0.0,0.0,0.0
0.00826271686224,0.0,0.00257587759989
0.0,0.0,0.0
0.0,0.0,0.0
0.0,0.0,0.0
0.000451647876378,0.0,0.000199784949267
0.00127046889519,0.0,2.58633104668e-05
0.0,0.0,0.0
0.0,0.0,0.0
0.00264945867661,0.0,0.000577513772521
0.00110779530124,0.0,0.000276948825311
0.0116571456476,0.0,0.000226614516933
0.0,0.0,0.0
0.0,0.0,0.0
0.0,0.0,0.0
0.0,0.0,0.0
0.0,0.0,0.0
0.0,0.0,0.0
0.0,0.0,0.0
2.05602286356e-05,0.0,3.4267047726e-06
2.22404616773e-05,0.0,1.48269744515e-06
0.0,0.0,0.0
0.0,0.0,0.0
0.0,0.0,0.0
0.0,0.0,0.0
0.0,0.0,0.0
0.0037770533098,0.0,0.00010243628918
0.0,0.0,0.0
0.000835221815922,0.0,7.10900396345e-05
0.000370831530985,0.0,0.000185371002594
0.0,0.0,0.0
0.0,0.0,0.0
0.0,0.0,0.0
0.00286581665499,0.0,4.15125190632e-05
0.0085396374866,0.0,0.000472968337007
0.0,0.0,0.0
0.0,0.0,0.0
0.0,0.0,0.0
0.0349107046705,0.0,0.00425292338965
0.0,0.0,0.0
0.0021808036608,0.0,0.000159284131059
0.00211419121674,0.0,0.000528547804185
0.0,0.0,0.0
0.0,0.0,0.0
0.00330253273734,0.0,0.000117947597762
0.0,0.0,0.0
0.0,0.0,0.0
0.0,0.0,0.0
0.00016278526904,0.0,1.6278526904e-05
0.00995888649315,0.0,0.00206661640204
0.000115655055438,0.0,9.63792128653e-06
0.0,0.0,0.0
0.00212093122008,0.0,0.00035348853668
0.0,0.0,0.0
0.0,0.0,0.0
0.0,0.0,0.0
0.0,0.0,0.0
0.0,0.0,0.0
0.0,0.0,0.0
0.0129934684825,0.0,0.00216557808042
0.00078912678456,0.0,7.3209369952e-05
0.0,0.0,0.0
0.0,0.0,0.0
0.0,0.0,0.0
0.0,0.0,0.0
0.0,0.0,0.0
0.0,0.0,0.0
0.0,0.0,0.0
0.0,0.0,0.0
0.0,0.0,0.0
0.0,0.0,0.0
0.0,0.0,0.0
0.0,0.0,0.0
0.0,0.0,0.0
0.0,0.0,0.0
0.0,0.0,0.0
0.0430254160731,0.0,0.00102408075085
0.00524104005431,0.0,0.00056030184024
0.00021926219653,0.0,1.46174797687e-05
0.0,0.0,0.0
0.00162591950037,0.0,1.56042088833e-05
0.00377500831105,0.0,0.000851566668607
0.0,0.0,0.0
0.0,0.0,0.0
8.28075172683e-05,0.0,1.38012528781e-06
0.0302593239171,0.0,0.000943469952057
0.000772394797447,0.0,0.000225198360409
0.000456022498119,0.0,4.40182208932e-05
0.0,0.0,0.0
0.0,0.0,0.0
0.0,0.0,0.0
0.0,0.0,0.0
0.0,0.0,0.0
0.0,0.0,0.0
0.0,0.0,0.0
0.0,0.0,0.0
0.00617551515171,0.0,0.000294072150081
0.011879181797,0.0,0.0017153386841
0.0,0.0,0.0
0.0,0.0,0.0
0.0,0.0,0.0
0.0,0.0,0.0
0.0,0.0,0.0
0.0,0.0,0.0
0.00416435532438,0.0,0.0010410888311
0.0,0.0,0.0
0.0,0.0,0.0
0.00193199511815,0.0,7.43075045443e-05
0.0,0.0,0.0
0.0,0.0,0.0
0.0,0.0,0.0
0.00149889064365,0.0,0.000124907553637
0.0,0.0,0.0
0.0,0.0,0.0
0.0,0.0,0.0
0.0,0.0,0.0
0.0,0.0,0.0
0.0,0.0,0.0
0.0,0.0,0.0
0.0,0.0,0.0
0.0,0.0,0.0
0.0,0.0,0.0
0.000401612448122,0.0,2.13031274932e-05
0.0,0.0,0.0
0.0,0.0,0.0
0.0,0.0,0.0
0.00101245843775,0.0,0.000168743072958
0.0,0.0,0.0
0.0,0.0,0.0
0.0,0.0,0.0
0.0,0.0,0.0
0.0,0.0,0.0
0.00100692152196,0.0,9.2001782245e-05
0.0,0.0,0.0
0.0,0.0,0.0
0.0,0.0,0.0
0.00303704382356,0.0,0.00075926095589
0.00720919239516,0.0,0.00187319670866
0.0,0.0,0.0
0.0,0.0,0.0
0.0,0.0,0.0
0.0022643356196,0.0,8.8400866527e-05
0.0,0.0,0.0
0.0,0.0,0.0
0.00260298918725,0.0,0.000130149459362
0.0,0.0,0.0
0.0,0.0,0.0
0.0,0.0,0.0
0.0,0.0,0.0
0.0,0.0,0.0
0.00135768778587,0.0,0.000226281297645
0.0,0.0,0.0
0.0,0.0,0.0
0.0125348596832,0.0,7.89813344978e-05
0.0,0.0,0.0
4.23061670689e-05,0.0,1.05765417672e-05
0.00173881529996,0.0,2.88549808784e-05
0.000677721179188,0.0,1.69430294797e-05
0.0,0.0,0.0
0.0,0.0,0.0
0.0,0.0,0.0
0.0,0.0,0.0
0.0029129907809,0.0,0.000112038106958
0.0,0.0,0.0
0.0,0.0,0.0
0.0,0.0,0.0
0.0,0.0,0.0
0.0,0.0,0.0
0.00286932076681,0.0,0.000124052807984
0.0,0.0,0.0
0.0,0.0,0.0
0.0,0.0,0.0
0.0,0.0,0.0
0.0,0.0,0.0
0.0,0.0,0.0
0.0,0.0,0.0
0.0,0.0,0.0
0.0,0.0,0.0
0.0,0.0,0.0
0.0,0.0,0.0
0.0,0.0,0.0
0.00382814336924,0.0,0.000231020712572
0.00196735696332,0.0,3.0267030205e-05
0.000758534737962,0.0,0.000189633684491
0.000135452450488,0.0,4.51508168294e-06
0.0,0.0,0.0
0.0,0.0,0.0
0.00390196064659,0.0,0.000380831940337
0.00403494351162,0.0,0.000224163528423
0.00256610948565,0.0,0.000146648149922
0.0,0.0,0.0
0.0,0.0,0.0
0.0,0.0,0.0
0.00498000238004,0.0,0.000551709171985
0.0,0.0,0.0
0.0,0.0,0.0
0.0,0.0,0.0
0.0,0.0,0.0
0.0,0.0,0.0
0.00642191686238,0.0,0.000454458090351
0.0319772132552,0.0,0.00181334752728
0.0,0.0,0.0
0.0,0.0,0.0
0.0,0.0,0.0
0.0237560562015,0.0,0.00734125623499
0.0,0.0,0.0
0.00130945517541,0.0,0.000559491324928
0.000149343481152,0.0,2.66684787771e-06
6.59048521798e-05,0.0,4.11905326124e-06
0.0,0.0,0.0
0.000586941272541,0.0,1.95647090847e-05
0.0,0.0,0.0
0.00652072851323,0.0,0.00227523195502
0.0,0.0,0.0
0.0,0.0,0.0
0.00066740586756,0.0,0.00022826980436
0.0,0.0,0.0
0.0,0.0,0.0
0.0,0.0,0.0
0.0,0.0,0.0
0.0,0.0,0.0
0.00309506605706,0.0,0.000488000990387
0.0,0.0,0.0
0.0,0.0,0.0
0.0,0.0,0.0
0.0,0.0,0.0
0.0,0.0,0.0
0.00315573013123,0.0,0.000175318340624
0.0,0.0,0.0
0.0,0.0,0.0
0.0,0.0,0.0
0.000906546486224,0.0,0.000226636621556
0.0,0.0,0.0
0.0,0.0,0.0
0.0,0.0,0.0
0.0,0.0,0.0
0.0,0.0,0.0
0.00136154532496,0.0,1.7019316562e-05
0.0,0.0,0.0
0.0,0.0,0.0
0.0,0.0,0.0
0.0,0.0,0.0
0.000225106143809,0.0,2.81382679761e-05
0.00622871510131,0.0,0.000239565965435
0.0,0.0,0.0
0.0,0.0,0.0
0.0,0.0,0.0
0.0,0.0,0.0
0.000304085177728,0.0,7.60212944319e-05
0.000663339520997,0.0,0.000120611958489
0.0,0.0,0.0
0.0,0.0,0.0
0.0,0.0,0.0
0.0,0.0,0.0
0.0,0.0,0.0
0.0,0.0,0.0
0.0,0.0,0.0
0.0,0.0,0.0
0.0015502419716,0.0,0.000258373661933
0.0,0.0,0.0
0.0,0.0,0.0
0.0,0.0,0.0
0.0,0.0,0.0
0.0,0.0,0.0
5.56072298606e-05,0.0,5.56072298606e-06
0.000277532480734,0.0,6.30755638032e-06
0.0083458270661,0.0,9.4838943933e-05
0.0,0.0,0.0
0.0190209707847,0.0,0.00718669726988
0.00180618593341,0.0,0.000112886620838
0.0,0.0,0.0
8.25712938031e-05,0.0,1.37618823005e-05
0.0,0.0,0.0
0.0,0.0,0.0
0.0,0.0,0.0
0.0,0.0,0.0
0.0,0.0,0.0
0.0,0.0,0.0
0.0,0.0,0.0
0.00547078153859,0.0,0.000607864615399
0.0,0.0,0.0
0.0,0.0,0.0
0.0,0.0,0.0
0.000231556978543,0.0,5.78892446359e-05
0.00151526445979,0.0,2.40518168221e-05
0.0,0.0,0.0
0.0,0.0,0.0
0.0,0.0,0.0
0.0,0.0,0.0
0.0,0.0,0.0
2.43436956874e-05,0.0,6.08592392184e-06
0.00576077191426,0.0,0.00228881182795
0.00114078555387,0.0,4.81995086728e-05
0.0,0.0,0.0
0.0,0.0,0.0
0.0,0.0,0.0
0.0,0.0,0.0
0.0,0.0,0.0
0.00315038678839,0.0,0.000175021488244
0.0,0.0,0.0
0.0,0.0,0.0
0.00377678643758,0.0,6.79728775297e-05
0.00534926533319,0.0,0.000891544222198
0.0,0.0,0.0
7.56051017903e-05,0.0,5.40036441359e-06
0.0,0.0,0.0
0.0,0.0,0.0
0.0,0.0,0.0
0.0,0.0,0.0
0.0,0.0,0.0
0.0,0.0,0.0
0.000642583588679,0.0,5.35486323899e-05
0.0,0.0,0.0
0.0,0.0,0.0
0.00139923632972,0.0,7.77353516509e-05
0.0,0.0,0.0
0.0,0.0,0.0
0.0,0.0,0.0
0.0,0.0,0.0
0.0,0.0,0.0
0.0,0.0,0.0
0.0,0.0,0.0
0.0,0.0,0.0
0.00305503826428,0.0,7.27390062925e-05
0.0,0.0,0.0
0.00025121406846,0.0,4.186901141e-05
0.0,0.0,0.0
0.0,0.0,0.0
0.0019902639838,0.0,4.10258625046e-05
0.0025656857158,0.0,0.00025656857158
0.00274563508143,0.0,7.84467166122e-05
0.0,0.0,0.0
0.00106090405196,0.0,0.000176817341993
0.0,0.0,0.0
0.0,0.0,0.0
0.0,0.0,0.0
0.0,0.0,0.0
0.0,0.0,0.0
0.0,0.0,0.0
0.000417294058605,0.0,1.39098019535e-05
0.0,0.0,0.0
0.0,0.0,0.0
0.0,0.0,0.0
0.0,0.0,0.0
9.05583993406e-05,0.0,1.20744532454e-06
0.0149544580159,0.0,0.00013678022013
2.69172557241e-05,0.0,8.94927676882e-07
0.00149337753236,0.0,0.000162157821934
0.0,0.0,0.0
0.0,0.0,0.0
0.00289368912136,0.0,0.000383525255007
0.0,0.0,0.0
0.0,0.0,0.0
0.0,0.0,0.0
0.000552368368392,0.0,0.00011442639342
0.0,0.0,0.0
0.000457248744915,0.0,7.62081241525e-05
0.0,0.0,0.0
0.00113261193838,0.0,8.75504226195e-05
0.0,0.0,0.0
0.00141384845919,0.0,7.72528004122e-05
0.000165790255276,0.0,2.07237819096e-05
0.0,0.0,0.0
0.00297135941938,0.0,0.000811323641253
0.0,0.0,0.0
0.0,0.0,0.0
0.0,0.0,0.0
0.000109260555631,0.0,1.82100926051e-05
0.000170811610036,0.0,1.70811610036e-05
0.0,0.0,0.0
0.0,0.0,0.0
0.00120155081506,0.0,7.8781885478e-05
0.00253393419511,0.0,0.000376841252686
0.0,0.0,0.0
0.0,0.0,0.0
0.0,0.0,0.0
0.00201864957183,0.0,1.40183998044e-05
0.000806975169262,0.0,0.000368373437251
0.00664942423822,0.0,7.12649962355e-05
0.000825060861958,0.0,0.000358453509128
0.0111250895282,0.0,0.000374516841236
0.000921450363641,0.0,0.000239650719394
0.0,0.0,0.0
0.0,0.0,0.0
0.000129176763963,0.0,3.58824344342e-06
0.0,0.0,0.0
0.0,0.0,0.0
0.0150319295616,0.0,0.00118082880502
0.0,0.0,0.0
0.00496452099919,0.0,0.000133746112337
0.0,0.0,0.0
0.0,0.0,0.0
0.0,0.0,0.0
0.0,0.0,0.0
0.0,0.0,0.0
0.0,0.0,0.0
0.0,0.0,0.0
0.0,0.0,0.0
0.0,0.0,0.0
8.38869452934e-05,0.0,5.59246301956e-06
0.0,0.0,0.0
0.0,0.0,0.0
0.0,0.0,0.0
0.0,0.0,0.0
0.0,0.0,0.0
0.0,0.0,0.0
0.000747266007586,0.0,0.000182397078111
0.0,0.0,0.0
0.0,0.0,0.0
0.000261469751825,0.0,3.26837189781e-05
0.0,0.0,0.0
0.0,0.0,0.0
0.0,0.0,0.0
0.000209313356902,0.0,5.23283392255e-05
0.0,0.0,0.0
0.0,0.0,0.0
0.0,0.0,0.0
0.0,0.0,0.0
0.0193248200537,0.0,0.000347946484948
0.0,0.0,0.0
0.0,0.0,0.0
0.00171477547962,0.0,0.000171477547962
0.0016982208284,0.0,0.000744198836593
0.0,0.0,0.0
0.0,0.0,0.0
0.0,0.0,0.0
0.0,0.0,0.0
0.0,0.0,0.0
0.0,0.0,0.0
0.0,0.0,0.0
0.0,0.0,0.0
0.0,0.0,0.0
0.00428291740312,0.0,0.000713819567187
0.0,0.0,0.0
0.0,0.0,0.0
0.0,0.0,0.0
0.000631507850928,0.0,3.49457649726e-05
0.00042656101697,0.0,1.42149270723e-05
0.0,0.0,0.0
0.000846975449634,0.0,2.68421475524e-05
0.000930175038741,0.0,0.000116271879843
0.00264003770677,0.0,0.000586419492458
0.0,0.0,0.0
0.000186872649131,0.0,3.11454415218e-05
0.0,0.0,0.0
0.0,0.0,0.0
0.0,0.0,0.0
0.000495703312496,0.0,1.18024598213e-05
0.0,0.0,0.0
0.0,0.0,0.0
0.00139923632972,0.0,7.77353516509e-05
0.0,0.0,0.0
0.0,0.0,0.0
0.0,0.0,0.0
0.0,0.0,0.0
0.0,0.0,0.0
0.0,0.0,0.0
0.0,0.0,0.0
0.0,0.0,0.0
0.0,0.0,0.0
0.0,0.0,0.0
0.0,0.0,0.0
0.0,0.0,0.0
0.000775862926589,0.0,2.21675121882e-05
0.0,0.0,0.0
0.00122506414451,0.0,6.80591191392e-05
0.0,0.0,0.0
0.000804138767987,0.0,2.68046255996e-05
0.0,0.0,0.0
0.0,0.0,0.0
0.0,0.0,0.0
0.0,0.0,0.0
0.000963931469295,0.0,6.46075551871e-05
0.0,0.0,0.0
0.0,0.0,0.0
0.0,0.0,0.0
0.0,0.0,0.0
0.000810241274126,0.0,3.40437510137e-06
0.0,0.0,0.0
0.00612749466239,0.0,0.00103626488608
0.0,0.0,0.0
0.0,0.0,0.0
0.0,0.0,0.0
0.00189154486985,0.0,5.73513394e-05
0.0042703738399,0.0,0.000355864486658
0.00520089964808,0.0,0.000148459680505
0.000269640648424,0.0,2.24700540353e-05
0.000456912343748,0.0,1.17157011217e-05
0.0,0.0,0.0
0.00127334124718,0.0,2.44873316765e-05
0.0,0.0,0.0
0.0,0.0,0.0
0.0,0.0,0.0
0.0,0.0,0.0
0.0,0.0,0.0
0.0,0.0,0.0
0.0,0.0,0.0
0.0,0.0,0.0
0.0,0.0,0.0
0.0,0.0,0.0
0.0,0.0,0.0
0.0,0.0,0.0
0.0,0.0,0.0
0.0,0.0,0.0
6.67199901224e-05,0.0,1.19142839504e-06
0.0,0.0,0.0
0.00204504490036,0.0,0.000511261225091
0.0,0.0,0.0
0.00123397692757,0.0,0.000325448896584
0.0,0.0,0.0
0.00251250425233,0.0,0.000314063031541
0.0,0.0,0.0
0.000967480069079,0.0,0.00024187001727
0.0,0.0,0.0
0.0,0.0,0.0
0.000457551611321,0.0,3.26822579515e-05
0.0,0.0,0.0
0.00642737661757,0.0,0.000554194598967
0.0,0.0,0.0
0.00244360048168,0.0,0.000244360048168
0.0,0.0,0.0
0.00159546560537,0.0,0.000132955467114
0.0,0.0,0.0
0.0,0.0,0.0
0.00248747028977,0.0,8.17563741574e-05
0.0,0.0,0.0
0.0,0.0,0.0
0.0,0.0,0.0
0.0,0.0,0.0
0.0,0.0,0.0
0.0,0.0,0.0
0.0,0.0,0.0
0.0,0.0,0.0
0.00345090171452,0.0,0.000119947141183
0.0,0.0,0.0
0.0,0.0,0.0
0.000439084570143,0.0,7.31807616905e-05
0.00133424949659,0.0,1.38561503545e-05
0.0,0.0,0.0
0.000629521672034,0.0,1.1395393325e-05
0.0,0.0,0.0
0.00153127643601,0.0,0.000453270330594
0.0,0.0,0.0
0.00108045462712,0.0,2.56659348693e-05
0.0,0.0,0.0
0.0,0.0,0.0
0.0,0.0,0.0
0.0,0.0,0.0
0.0,0.0,0.0
0.0,0.0,0.0
0.0,0.0,0.0
0.0,0.0,0.0
0.0,0.0,0.0
0.000796251347516,0.0,1.80966215345e-05
0.0,0.0,0.0
0.0,0.0,0.0
0.0,0.0,0.0
0.0,0.0,0.0
0.0,0.0,0.0
0.0,0.0,0.0
0.0,0.0,0.0
0.0,0.0,0.0
0.0,0.0,0.0
0.0,0.0,0.0
0.0,0.0,0.0
0.0,0.0,0.0
0.000269387994536,0.0,2.69387994536e-05
0.0,0.0,0.0
0.0,0.0,0.0
0.0,0.0,0.0
0.0,0.0,0.0
0.0,0.0,0.0
0.0,0.0,0.0
0.00236244649242,0.0,0.000102463311582
0.0,0.0,0.0
0.0,0.0,0.0
0.0,0.0,0.0
0.0,0.0,0.0
0.0,0.0,0.0
0.0,0.0,0.0
0.00316546558581,0.0,0.000175859199212
0.0,0.0,0.0
0.0,0.0,0.0
0.0,0.0,0.0
0.00339357011754,0.0,0.00119876845674
0.0,0.0,0.0
0.0,0.0,0.0
0.0,0.0,0.0
0.0,0.0,0.0
0.0,0.0,0.0
0.0,0.0,0.0
0.0,0.0,0.0
0.0,0.0,0.0
0.0,0.0,0.0
0.0,0.0,0.0
0.000450053315611,0.0,0.000112513328903
0.00359348459272,0.0,0.00089837114818
0.0,0.0,0.0
0.0,0.0,0.0
0.0,0.0,0.0
0.0,0.0,0.0
0.0,0.0,0.0
0.000238361987266,0.0,1.32423326259e-05
0.00341314908272,0.0,0.000142214545113
0.0,0.0,0.0
0.0,0.0,0.0
0.0,0.0,0.0
0.0,0.0,0.0
0.0,0.0,0.0
0.0,0.0,0.0
0.0,0.0,0.0
0.0,0.0,0.0
0.0,0.0,0.0
0.0,0.0,0.0
0.0,0.0,0.0
0.0,0.0,0.0
0.0,0.0,0.0
0.0,0.0,0.0
0.000419205840668,0.0,1.3317677835e-05
0.0,0.0,0.0
0.00461909743012,0.0,0.000461909743012
0.0,0.0,0.0
0.00291351895769,0.0,0.00024086892914
0.0,0.0,0.0
0.0,0.0,0.0
0.0,0.0,0.0
0.0,0.0,0.0
0.0,0.0,0.0
0.0,0.0,0.0
0.0,0.0,0.0
0.0,0.0,0.0
0.0,0.0,0.0
0.0,0.0,0.0
0.0,0.0,0.0
0.00207907933323,0.0,3.52019114137e-05
0.0,0.0,0.0
0.0,0.0,0.0
0.0,0.0,0.0
0.000646384058758,0.0,1.90112958458e-05
0.0,0.0,0.0
0.0,0.0,0.0
0.0,0.0,0.0
0.0,0.0,0.0
0.0,0.0,0.0
0.0,0.0,0.0
0.0,0.0,0.0
0.0,0.0,0.0
0.0,0.0,0.0
0.0,0.0,0.0
0.0,0.0,0.0
0.0,0.0,0.0
0.00199291879295,0.0,8.30382830396e-05
0.0,0.0,0.0
0.0,0.0,0.0
0.0,0.0,0.0
0.00012536629099,0.0,1.04471909158e-05
0.00488781727932,0.0,6.78863511016e-05
0.0,0.0,0.0
0.000608485671461,0.0,2.89755081648e-05
0.00130990433139,0.0,0.000145544925709
0.0,0.0,0.0
0.0,0.0,0.0
0.0,0.0,0.0
0.0,0.0,0.0
0.000758525695826,0.0,0.000242662839249
0.0,0.0,0.0
0.0,0.0,0.0
0.0,0.0,0.0
0.0,0.0,0.0
2.50644398817e-05,0.0,1.25322199409e-06
0.0,0.0,0.0
0.00115551529047,0.0,0.00012839058783
0.0,0.0,0.0
0.00108975777825,0.0,3.40549305703e-05
0.00174388208553,0.0,0.000387251983426
0.0,0.0,0.0
0.0,0.0,0.0
0.0,0.0,0.0
0.0,0.0,0.0
0.0,0.0,0.0
0.0,0.0,0.0
0.0142531049318,0.0,0.000226577686074
0.000448817568249,0.0,1.56477587909e-05
0.0,0.0,0.0
0.0,0.0,0.0
0.0,0.0,0.0
0.0,0.0,0.0
0.0,0.0,0.0
0.0,0.0,0.0
0.0,0.0,0.0
0.0,0.0,0.0
0.0,0.0,0.0
0.0,0.0,0.0
0.0,0.0,0.0
0.000332115379473,0.0,1.66057689737e-05
0.0,0.0,0.0
0.0,0.0,0.0
0.0,0.0,0.0
0.0,0.0,0.0
0.000746751765017,0.0,0.000186687941254
0.0,0.0,0.0
0.00175412289595,0.0,0.000216217695948
0.0,0.0,0.0
0.0,0.0,0.0
0.00231133262469,0.0,6.42036840191e-05
0.00129438906987,0.0,6.47194534937e-05
0.0,0.0,0.0
0.0021195798614,0.0,0.000386725828706
0.00217959249914,0.0,0.000289149287518
0.0,0.0,0.0
0.0,0.0,0.0
0.000174816450823,0.0,9.71202504573e-06
0.0,0.0,0.0
0.0,0.0,0.0
0.0,0.0,0.0
0.0,0.0,0.0
0.0,0.0,0.0
0.0,0.0,0.0
0.00206800451205,0.0,0.000194557103823
0.0,0.0,0.0
0.0,0.0,0.0
0.0,0.0,0.0
0.00264775494012,0.0,0.000499866753318
0.0,0.0,0.0
0.0,0.0,0.0
0.0,0.0,0.0
0.0,0.0,0.0
0.0,0.0,0.0
0.0,0.0,0.0
0.0,0.0,0.0
0.0,0.0,0.0
0.00190139851918,0.0,0.000316899753196
0.00190498715828,0.0,0.000158748929857
0.0178806245429,0.0,0.000318444201963
0.0,0.0,0.0
0.0,0.0,0.0
0.0,0.0,0.0
0.0,0.0,0.0
0.0,0.0,0.0
0.0,0.0,0.0
0.0,0.0,0.0
0.0,0.0,0.0
0.0,0.0,0.0
0.0,0.0,0.0
0.0,0.0,0.0
0.000456941415458,0.0,3.80784512882e-05
0.0,0.0,0.0
0.0,0.0,0.0
0.0,0.0,0.0
0.0,0.0,0.0
0.0,0.0,0.0
0.0,0.0,0.0
0.0,0.0,0.0
0.0,0.0,0.0
0.000764641405652,0.0,8.49601561836e-05
0.0,0.0,0.0
0.0,0.0,0.0
0.0,0.0,0.0
0.00358760879407,0.0,0.00045820212041
0.0,0.0,0.0
0.0011888554188,0.0,0.000198142569799
0.0,0.0,0.0
0.0,0.0,0.0
0.000752301215437,0.0,3.13458839765e-05
0.00108052493408,0.0,0.000108052493408
0.0,0.0,0.0
0.0,0.0,0.0
0.0,0.0,0.0
0.00117490113458,0.0,0.000290361840022
0.0,0.0,0.0
0.00160720189751,0.0,0.000455065002465
0.0,0.0,0.0
0.0,0.0,0.0
0.0,0.0,0.0
0.0,0.0,0.0
0.0,0.0,0.0
6.69214186619e-05,0.0,2.3900506665e-06
0.0,0.0,0.0
0.00279131779978,0.0,0.000152713243346
0.0,0.0,0.0
0.0,0.0,0.0
0.00123187209886,0.0,0.000102656008239
0.0,0.0,0.0
0.0,0.0,0.0
0.0,0.0,0.0
0.0,0.0,0.0
0.0,0.0,0.0
0.000766424114884,0.0,1.5282865662e-05
0.0,0.0,0.0
0.0,0.0,0.0
0.0,0.0,0.0
0.0,0.0,0.0
0.000476185256796,0.0,3.9682104733e-05
0.0,0.0,0.0
0.0,0.0,0.0
0.0,0.0,0.0
0.0,0.0,0.0
0.00907983997675,0.0,0.000756653331396
0.0,0.0,0.0
0.0,0.0,0.0
0.0,0.0,0.0
0.0,0.0,0.0
0.0,0.0,0.0
0.0,0.0,0.0
0.0,0.0,0.0
0.0,0.0,0.0
0.000262129518053,0.0,3.74470740076e-06
2.20080068203e-05,0.0,7.33600227343e-07
0.00192969701602,0.0,6.55264963694e-05
0.00157188363877,0.0,0.000174653737641
0.000600894510538,0.0,2.50372712724e-05
0.0,0.0,0.0
0.0028673999672,0.0,0.00028673999672
0.0,0.0,0.0
0.00163076061753,0.0,0.000135896718127
0.0,0.0,0.0
0.0,0.0,0.0
0.0,0.0,0.0
0.0,0.0,0.0
0.0,0.0,0.0
0.0,0.0,0.0
0.0,0.0,0.0
0.0,0.0,0.0
0.00264979946724,0.0,0.00022081662227
0.0,0.0,0.0
0.0,0.0,0.0
0.0,0.0,0.0
0.00300718796493,0.0,0.000146118282828
0.0,0.0,0.0
0.0,0.0,0.0
0.0,0.0,0.0
0.00502970376768,0.0,0.000129352439643
0.0,0.0,0.0
0.0,0.0,0.0
0.000546206946645,0.0,0.000154626614477
0.0,0.0,0.0
0.00220019964459,0.0,0.000137512477787
0.00336137527126,0.0,8.62942407996e-05
0.0,0.0,0.0
0.0,0.0,0.0
0.0,0.0,0.0
0.0287790177618,0.0,0.00120146897826
0.0,0.0,0.0
0.0030105430395,0.000717703700403,0.00168256399636
0.0,0.0,0.0
0.0,0.0,0.0
0.00199775330918,0.0,0.0002181773764
0.00259223424218,0.0,7.57085519798e-05
0.000976307517391,0.0,6.5087167826e-05
0.019276224084,0.0,0.000631067333509
0.0,0.0,0.0
0.0,0.0,0.0
0.0,0.0,0.0
0.00101044894831,0.0,8.75121756714e-06
0.0,0.0,0.0
0.0,0.0,0.0
0.0,0.0,0.0
0.000495891134328,0.0,2.25405061058e-05
0.0,0.0,0.0
0.00154773917442,0.0,6.430230192e-05
0.0,0.0,0.0
0.0,0.0,0.0
0.0,0.0,0.0
0.0,0.0,0.0
0.00522106075562,0.0,0.000452384702485
0.00122785750136,0.0,3.83705469174e-05
0.0027231527266,0.0,6.4836969681e-05
0.0,0.0,0.0
0.000477394690875,0.0,2.28541714473e-05
0.00186389909858,0.0,0.000232987387323
0.0,0.0,0.0
0.0,0.0,0.0
0.0,0.0,0.0
0.0,0.0,0.0
0.0,0.0,0.0
0.0,0.0,0.0
0.0,0.0,0.0
0.0,0.0,0.0
0.0,0.0,0.0
0.0,0.0,0.0
0.0,0.0,0.0
0.00739862791934,0.0,0.000493241861289
0.0,0.0,0.0
0.000123009626695,0.0,7.17535946515e-06
0.0,0.0,0.0
0.000399428907026,0.0,9.51021207204e-06
0.0,0.0,0.0
0.0,0.0,0.0
0.0,0.0,0.0
0.0,0.0,0.0
0.00238366683955,0.0,0.000595916709888
0.000464091536193,0.0,0.00019751304112
0.000313756338182,0.0,6.40319057514e-06
0.0,0.0,0.0
0.0,0.0,0.0
0.0,0.0,0.0
0.00123979855495,0.0,0.000206633092491
0.0,0.0,0.0
0.0010753221783,0.0,5.3766108915e-05
0.0,0.0,0.0
0.0,0.0,0.0
0.000812496091152,0.0,4.91940027346e-05
0.0,0.0,0.0
0.0,0.0,0.0
0.000118846637179,0.0,9.90388643156e-06
0.000265713939796,0.0,1.10714141582e-05
0.00163562732325,0.0,0.000357946851247
0.0,0.0,0.0
0.0,0.0,0.0
0.0,0.0,0.0
0.00135447740233,0.0,6.44989239204e-05
0.0,0.0,0.0
0.0,0.0,0.0
0.0,0.0,0.0
0.000133780046651,0.0,8.36125291571e-06
0.0,0.0,0.0
0.0,0.0,0.0
0.0,0.0,0.0
0.000971588563887,0.0,7.50592726961e-05
0.0,0.0,0.0
0.0,0.0,0.0
0.0,0.0,0.0
0.00179696995668,0.0,0.00029949499278
0.0,0.0,0.0
3.56367149972e-05,0.0,3.56367149972e-06
0.00219675901342,0.0,6.69828563555e-05
0.00311009874375,0.0,0.000169847090069
0.0,0.0,0.0
0.0,0.0,0.0
0.0,0.0,0.0
0.000959137393401,0.0,6.52360887682e-05
0.0,0.0,0.0
0.0,0.0,0.0
0.00314996263577,0.0,0.000109832892922
0.000331710242988,0.0,9.78832672678e-06
0.0,0.0,0.0
0.0,0.0,0.0
0.0,0.0,0.0
0.0,0.0,0.0
0.0,0.0,0.0
0.0,0.0,0.0
0.0,0.0,0.0
0.0,0.0,0.0
0.00606095244606,0.0,0.000114868267704
0.0,0.0,0.0
0.0,0.0,0.0
0.0,0.0,0.0
0.0,0.0,0.0
0.0,0.0,0.0
0.0,0.0,0.0
0.0,0.0,0.0
0.0,0.0,0.0
0.0,0.0,0.0
0.00199505282522,0.0,0.000161661749874
0.0,0.0,0.0
0.0,0.0,0.0
0.0,0.0,0.0
0.00337061871776,0.0,0.000187256595431
0.0,0.0,0.0
0.0,0.0,0.0
0.0,0.0,0.0
0.0,0.0,0.0
0.00143031076714,0.0,7.94617092853e-05
0.0,0.0,0.0
0.0,0.0,0.0
0.0,0.0,0.0
0.0,0.0,0.0
0.0,0.0,0.0
0.0,0.0,0.0
0.00425869265206,0.0,0.000216951703004
2.17934905185e-05,0.0,2.72418631481e-06
0.0,0.0,0.0
0.0,0.0,0.0
0.0,0.0,0.0
0.0,0.0,0.0
0.0,0.0,0.0
0.00142288518559,0.0,0.000215393148737
0.000236434858872,0.0,2.81470070086e-06
0.0,0.0,0.0
0.000816782182688,0.0,0.000136130363781
0.0,0.0,0.0
0.0,0.0,0.0
0.0,0.0,0.0
0.0,0.0,0.0
0.0,0.0,0.0
0.0,0.0,0.0
0.0,0.0,0.0
0.0,0.0,0.0
0.00044841557767,0.0,2.80259736043e-05
0.00816299448191,0.000785677729494,0.00399189657305
0.0048336009573,0.0,0.00048336009573
0.0,0.0,0.0
0.0,0.0,0.0
0.0,0.0,0.0
0.00110306709773,0.0,0.000183844516288
0.0,0.0,0.0
0.00584183354211,0.0,0.000444628966064
0.0,0.0,0.0
0.0,0.0,0.0
0.000417294058605,0.0,1.39098019535e-05
0.0,0.0,0.0
0.0,0.0,0.0
0.0,0.0,0.0
0.000348020460825,0.0,1.29447587149e-05
0.0,0.0,0.0
0.0,0.0,0.0
0.0,0.0,0.0
0.0,0.0,0.0
0.0,0.0,0.0
0.0,0.0,0.0
0.0,0.0,0.0
0.0,0.0,0.0
0.0,0.0,0.0
0.0,0.0,0.0
0.00893861692646,0.0,0.000672725380588
0.0,0.0,0.0
0.0,0.0,0.0
0.00034189803954,0.0,5.698300659e-05
0.0,0.0,0.0
0.00215221824987,0.0,0.000538054562468
0.0126649726081,0.0,0.00327665049499
0.00250167392517,0.0,0.000166578224345
0.00249749675653,0.0,0.000137845510234
0.0,0.0,0.0
0.0,0.0,0.0
0.0,0.0,0.0
0.0,0.0,0.0
0.0,0.0,0.0
0.0,0.0,0.0
0.0,0.0,0.0
0.0,0.0,0.0
0.00183921718336,0.0,0.000131372655954
0.0,0.0,0.0
0.0,0.0,0.0
0.00113189052413,0.0,7.01222344984e-05
0.0,0.0,0.0
0.0,0.0,0.0
0.0,0.0,0.0
0.0013021903354,0.0,0.000325547583851
0.0,0.0,0.0
0.0,0.0,0.0
0.000519719491014,0.0,5.47073148435e-06
0.0,0.0,0.0
0.000698668997074,0.0,5.82224164229e-05
0.0,0.0,0.0
0.00877759269321,0.0,0.000925249774671
0.0,0.0,0.0
0.0,0.0,0.0
0.0,0.0,0.0
0.0,0.0,0.0
0.0,0.0,0.0
0.0,0.0,0.0
0.00013932529333,0.0,1.74156616662e-05
0.0,0.0,0.0
0.0,0.0,0.0
0.0430254160731,0.0,0.00209569983854
0.00549580889358,0.0,0.000457984074465
0.00226594933701,0.0,0.000615303643737
0.0,0.0,0.0
0.0,0.0,0.0
0.000638760424644,0.0,2.45677086401e-05
0.00258853253692,0.0,0.000258853253692
6.5792311591e-05,0.0,6.5792311591e-06
0.0,0.0,0.0
0.00768081096123,0.0,0.000336426743932
0.0,0.0,0.0
0.0,0.0,0.0
0.0,0.0,0.0
0.00179689808706,0.0,0.000149741507255
0.0,0.0,0.0
0.0,0.0,0.0
0.0,0.0,0.0
0.00051194247471,0.0,8.5323745785e-05
0.0,0.0,0.0
0.00251532084981,0.0,6.21163598823e-05
0.0,0.0,0.0
0.0,0.0,0.0
0.0,0.0,0.0
0.0,0.0,0.0
0.0,0.0,0.0
0.0,0.0,0.0
0.0,0.0,0.0
0.0,0.0,0.0
0.00131284415511,0.0,4.86238575968e-05
0.0,0.0,0.0
0.0,0.0,0.0
0.0,0.0,0.0
0.00112141505665,0.0,0.000186902509442
0.0,0.0,0.0
0.0,0.0,0.0
0.0,0.0,0.0
0.0,0.0,0.0
0.0,0.0,0.0
0.0,0.0,0.0
0.0,0.0,0.0
0.00012536629099,0.0,5.2235954579e-06
8.29149863625e-05,0.0,1.72739554922e-06
0.00282610508912,0.0,0.000706526272279
0.0,0.0,0.0
0.0,0.0,0.0
0.0,0.0,0.0
0.0,0.0,0.0
0.00125738758495,0.0,5.2391149373e-05
0.0,0.0,0.0
0.0,0.0,0.0
0.0,0.0,0.0
0.0,0.0,0.0
0.0,0.0,0.0
0.0,0.0,0.0
0.0,0.0,0.0
0.000321259979958,0.0,2.67716649965e-05
0.0,0.0,0.0
0.0,0.0,0.0
0.0,0.0,0.0
0.0,0.0,0.0
0.00681981735318,0.0,0.000852477169148
0.0,0.0,0.0
0.0152536102217,0.0,0.00101690734811
0.00125283698964,0.0,0.000125283698964
0.0,0.0,0.0
0.0020554251946,0.0,0.000114190288589
0.0,0.0,0.0
1.16384602726e-05,0.0,1.16384602726e-06
0.0,0.0,0.0
0.0,0.0,0.0
0.00354112977907,0.0,0.000688388211473
0.0,0.0,0.0
0.000220686498152,0.0,1.97041516207e-06
0.00132316532381,0.0,0.000333484099788
0.0,0.0,0.0
0.0,0.0,0.0
0.0,0.0,0.0
0.0,0.0,0.0
0.0,0.0,0.0
0.0,0.0,0.0
0.000879234670482,0.0,8.27102050715e-05
0.0,0.0,0.0
0.00335994856909,0.0,3.93403690991e-05
0.0,0.0,0.0
0.0,0.0,0.0
0.0,0.0,0.0
0.0,0.0,0.0
0.0,0.0,0.0
0.0,0.0,0.0
0.0,0.0,0.0
0.000164179671042,0.0,1.066866085e-05
0.00184262751363,0.0,0.000155652392506
0.0,0.0,0.0
0.0,0.0,0.0
0.0,0.0,0.0
0.0,0.0,0.0
0.0,0.0,0.0
0.0,0.0,0.0
0.0,0.0,0.0
0.0,0.0,0.0
0.0,0.0,0.0
0.000888195964245,0.0,0.000207571899149
0.0,0.0,0.0
0.0,0.0,0.0
5.06716761473e-05,0.0,2.11131983947e-06
5.94969579858e-05,0.0,5.94969579858e-07
0.00749278473321,0.0,0.000156418396223
0.0,0.0,0.0
0.0,0.0,0.0
0.0,0.0,0.0
0.0021251501321,0.0,0.000226841527216
0.0,0.0,0.0
0.0,0.0,0.0
0.0,0.0,0.0
0.0,0.0,0.0
0.00380540127023,0.0,0.000818576339339
0.0,0.0,0.0
0.0,0.0,0.0
0.0,0.0,0.0
0.00319576442039,0.0,4.06399910478e-05
0.0,0.0,0.0
0.0,0.0,0.0
0.0,0.0,0.0
0.000780812063489,0.0,3.54914574313e-05
0.0,0.0,0.0
0.000102531707265,0.0,1.70886178775e-05
0.0,0.0,0.0
0.0,0.0,0.0
0.0,0.0,0.0
0.0,0.0,0.0
0.0,0.0,0.0
0.0,0.0,0.0
0.0,0.0,0.0
0.0,0.0,0.0
0.0,0.0,0.0
0.0,0.0,0.0
0.0,0.0,0.0
0.0,0.0,0.0
0.0,0.0,0.0
0.00415889993854,0.0,3.08066662114e-05
3.61125499262e-05,0.0,6.01875832103e-06
0.0,0.0,0.0
0.0,0.0,0.0
0.00161457184021,0.0,0.000100910740013
0.0,0.0,0.0
0.000451251215531,0.0,2.82032009707e-05
0.0,0.0,0.0
0.0,0.0,0.0
0.000710206660778,0.0,0.000177551665195
0.00372472075735,0.0,0.000495222184081
0.0,0.0,0.0
0.0,0.0,0.0
0.0,0.0,0.0
0.0,0.0,0.0
0.000239482817411,0.0,1.17393537947e-06
0.0,0.0,0.0
0.0,0.0,0.0
0.000816794813362,0.0,1.0209935167e-05
0.0,0.0,0.0
0.0,0.0,0.0
0.000632332309607,0.0,3.28464391557e-05
0.0206430466105,0.0,0.00373958926928
0.0,0.0,0.0
0.0,0.0,0.0
0.00137872938713,0.0,0.000172341173391
0.00137984990847,0.0,0.000114987492372
0.0,0.0,0.0
0.0,0.0,0.0
0.0,0.0,0.0
0.0,0.0,0.0
0.0,0.0,0.0
0.0,0.0,0.0
0.0,0.0,0.0
0.0,0.0,0.0
0.0,0.0,0.0
0.0,0.0,0.0
0.0,0.0,0.0
0.00354501136145,0.0,0.000297261999813
0.0,0.0,0.0
0.000968044384427,0.0,0.000193313629538
0.0,0.0,0.0
0.0,0.0,0.0
0.0,0.0,0.0
0.0,0.0,0.0
0.0,0.0,0.0
0.0,0.0,0.0
2.42135678469e-05,0.0,2.69039642743e-06
0.0,0.0,0.0
0.0,0.0,0.0
0.00151187406517,0.0,0.000592806552394
0.0,0.0,0.0
0.00100974766339,0.0,1.58776346115e-05
0.0,0.0,0.0
0.0,0.0,0.0
0.0,0.0,0.0
0.0,0.0,0.0
0.0,0.0,0.0
0.0,0.0,0.0
0.0,0.0,0.0
0.0,0.0,0.0
0.0,0.0,0.0
0.000680484955024,0.0,8.50440228647e-05
0.0,0.0,0.0
0.0,0.0,0.0
0.00275378323759,0.0,8.34479768967e-05
0.0,0.0,0.0
0.0,0.0,0.0
0.0,0.0,0.0
0.000341228532297,0.0,5.68714220495e-05
0.0,0.0,0.0
0.0,0.0,0.0
0.0,0.0,0.0
0.0,0.0,0.0
0.0,0.0,0.0
0.00999463976364,0.0,0.000541148375719
0.000710684991708,0.0,3.38421424623e-05
0.00443980337824,0.0,0.000685259705462
0.0,0.0,0.0
0.0,0.0,0.0
0.00127832479588,0.0,2.13054132647e-05
0.0,0.0,0.0
0.0,0.0,0.0
0.0,0.0,0.0
0.000633816853185,0.0,3.52120473992e-05
0.0,0.0,0.0
0.0,0.0,0.0
0.0,0.0,0.0
0.0,0.0,0.0
0.0,0.0,0.0
0.0,0.0,0.0
0.00433494696903,0.0,0.00108373674226
0.0,0.0,0.0
0.00164753434677,0.0,6.86472644488e-05
0.0,0.0,0.0
0.0,0.0,0.0
0.0,0.0,0.0
0.0,0.0,0.0
0.0,0.0,0.0
0.0,0.0,0.0
0.0,0.0,0.0
0.0,0.0,0.0
0.0,0.0,0.0
0.0,0.0,0.0
0.00480960690264,0.0,0.00019293807749
0.000303823974146,0.0,1.68791096748e-05
0.0,0.0,0.0
0.0,0.0,0.0
0.0,0.0,0.0
0.00527310259048,0.0,0.00131827564762
0.00665298914452,0.0,0.000570883119931
0.0,0.0,0.0
0.0,0.0,0.0
0.00164075720074,0.0,0.000205094650092
0.0,0.0,0.0
0.0,0.0,0.0
0.0,0.0,0.0
0.0,0.0,0.0
0.0,0.0,0.0
0.0,0.0,0.0
0.0,0.0,0.0
0.0,0.0,0.0
0.0,0.0,0.0
9.98454311131e-05,0.0,1.48841282777e-05
0.0,0.0,0.0
0.0,0.0,0.0
0.0,0.0,0.0
0.0,0.0,0.0
0.0198443359235,0.0,0.00236257469962
0.0,0.0,0.0
0.00388926986135,0.0,4.28652766299e-05
0.00596853313819,0.0,9.94755523031e-05
0.0,0.0,0.0
0.0,0.0,0.0
0.0,0.0,0.0
0.0,0.0,0.0
0.0178884870419,0.0,0.000361194363402
0.0,0.0,0.0
0.0,0.0,0.0
0.0,0.0,0.0
0.0,0.0,0.0
0.0,0.0,0.0
0.0,0.0,0.0
0.000499332208157,0.0,4.99332208157e-05
0.0,0.0,0.0
0.0,0.0,0.0
0.000409168791609,0.0,2.04584395804e-05
0.000754745191456,0.0,5.94697892216e-05
0.0,0.0,0.0
0.0,0.0,0.0
0.000390519527391,0.0,4.88149409239e-05
0.000244836742592,0.0,4.08061237653e-05
0.000899517900999,0.0,8.99517900999e-05
0.000770237605609,0.0,3.94993643902e-06
0.0,0.0,0.0
0.0,0.0,0.0
0.0,0.0,0.0
0.0,0.0,0.0
0.0,0.0,0.0
0.0,0.0,0.0
0.0,0.0,0.0
0.0,0.0,0.0
0.00652560777897,0.0,4.61478931238e-05
0.0114112781916,0.0,0.00060032591594
0.0,0.0,0.0
0.0,0.0,0.0
0.00208885977352,0.0,0.000522214943381
0.0,0.0,0.0
0.0,0.0,0.0
0.0,0.0,0.0
0.0,0.0,0.0
0.0,0.0,0.0
0.0,0.0,0.0
0.0,0.0,0.0
0.00215819203932,0.0,0.000143879469288
0.0,0.0,0.0
0.00310430721829,0.0,0.000388038402286
0.0,0.0,0.0
0.00614108968183,0.0,0.000353149356769
0.00101564575636,0.0,1.99146226737e-05
0.0,0.0,0.0
0.000873997683338,0.0,8.73997683338e-05
0.0,0.0,0.0
6.55238412194e-05,0.0,4.68027437281e-06
0.0,0.0,0.0
0.0,0.0,0.0
2.17286669291e-05,0.0,1.81072224409e-06
0.0,0.0,0.0
0.0,0.0,0.0
0.0,0.0,0.0
0.0,0.0,0.0
0.0,0.0,0.0
0.0,0.0,0.0
0.0,0.0,0.0
0.0,0.0,0.0
7.05924102385e-05,0.0,1.76481025596e-05
0.0,0.0,0.0
0.00311888160017,0.0,0.000129953400007
0.000121810275526,0.0,2.43620551052e-06
0.0,0.0,0.0
0.0,0.0,0.0
0.0,0.0,0.0
0.0,0.0,0.0
7.97301433831e-05,0.0,1.32883572305e-05
0.0269099742636,0.0,0.000897552611719
0.0,0.0,0.0
0.00774905559787,0.0,0.0029021652819
0.0,0.0,0.0
0.0,0.0,0.0
0.0,0.0,0.0
0.0,0.0,0.0
0.00198831740083,0.0,0.000110462077824
0.0,0.0,0.0
0.0028234979626,0.0,0.000462833805216
0.0,0.0,0.0
0.0,0.0,0.0
0.0,0.0,0.0
0.0,0.0,0.0
0.0,0.0,0.0
0.0,0.0,0.0
0.0,0.0,0.0
0.0,0.0,0.0
0.0,0.0,0.0
0.0,0.0,0.0
0.0,0.0,0.0
0.00166301951303,0.0,0.000215672344369
0.0,0.0,0.0
0.00204329387708,0.0,0.000199689857208
0.0594790804101,0.0,0.00593121666409
0.00625966323804,0.0,0.00289729960025
0.0,0.0,0.0
0.0,0.0,0.0
0.000534975713436,0.0,0.000133743928359
0.0,0.0,0.0
0.0,0.0,0.0
0.0,0.0,0.0
4.39884064817e-05,0.0,1.5710145172e-06
0.0,0.0,0.0
0.0088944979828,0.0,0.000488476265795
0.00170986989398,0.0,0.000284978315663
0.00047170419058,0.0,1.57234730193e-05
0.000505601937241,0.0,5.61779930268e-05
0.0,0.0,0.0
0.0,0.0,0.0
0.0,0.0,0.0
0.00387997926856,0.0,0.000323331605713
0.0,0.0,0.0
1.42469435114e-05,0.0,8.90433969461e-07
0.0,0.0,0.0
0.0,0.0,0.0
0.0,0.0,0.0
0.0,0.0,0.0
0.0,0.0,0.0
0.0,0.0,0.0
0.0,0.0,0.0
0.0,0.0,0.0
0.0,0.0,0.0
0.0,0.0,0.0
0.0,0.0,0.0
0.0,0.0,0.0
0.0,0.0,0.0
0.0,0.0,0.0
0.00747159733942,0.0,0.000124526622324
0.0,0.0,0.0
0.0,0.0,0.0
0.0,0.0,0.0
0.00217578953091,0.0,0.000110930306662
0.00215958959862,0.0,0.000102837599934
0.0,0.0,0.0
0.0,0.0,0.0
0.00271311528009,0.0,0.000113046470004
0.000776527406422,0.0,6.47106172018e-05
0.0,0.0,0.0
0.0,0.0,0.0
0.0,0.0,0.0
0.000722143400856,0.0,0.000122377434006
0.0,0.0,0.0
0.0,0.0,0.0
0.00150121286896,0.0,0.000135333467659
0.0,0.0,0.0
0.0,0.0,0.0
0.00119636568328,0.0,0.00029909142082
0.0,0.0,0.0
0.0,0.0,0.0
0.0,0.0,0.0
0.0,0.0,0.0
0.0,0.0,0.0
0.0,0.0,0.0
0.0,0.0,0.0
0.0,0.0,0.0
0.0,0.0,0.0
0.0,0.0,0.0
0.0,0.0,0.0
0.0,0.0,0.0
0.0,0.0,0.0
0.0,0.0,0.0
0.000431992279454,0.0,2.87994852969e-05
0.00159619500551,0.0,0.000133016250459
0.000853706169358,0.0,2.24659518252e-05
0.0,0.0,0.0
0.0,0.0,0.0
0.0,0.0,0.0
0.0,0.0,0.0
0.0,0.0,0.0
0.00137973085896,0.0,0.00022995514316
0.0,0.0,0.0
0.0,0.0,0.0
0.00268140956402,0.0,0.000134070478201
0.0,0.0,0.0
0.0,0.0,0.0
0.00217264578898,0.0,0.000543161447245
0.0,0.0,0.0
0.0,0.0,0.0
0.00166378649111,0.0,8.37803309128e-05
0.000169389611959,0.0,5.29342537373e-06
0.000421352985887,0.0,7.02254976479e-05
0.00116948944857,0.0,0.000116948944857
0.0,0.0,0.0
0.0,0.0,0.0
0.00650732331757,0.0,0.000328330077977
0.0,0.0,0.0
0.0,0.0,0.0
0.0,0.0,0.0
0.000757623690133,0.0,5.05082460088e-05
0.0,0.0,0.0
0.0,0.0,0.0
0.0,0.0,0.0
0.00251895196473,0.0,0.000209912663728
0.0,0.0,0.0
0.0,0.0,0.0
0.0,0.0,0.0
0.0,0.0,0.0
0.0,0.0,0.0
0.0,0.0,0.0
0.0,0.0,0.0
0.0,0.0,0.0
0.0,0.0,0.0
0.0,0.0,0.0
0.0,0.0,0.0
0.0,0.0,0.0
0.0,0.0,0.0
0.0017342056446,0.0,0.000216775705575
0.00129790587067,0.0,0.000198233615247
0.0,0.0,0.0
0.0,0.0,0.0
0.0,0.0,0.0
0.0,0.0,0.0
0.0,0.0,0.0
0.0,0.0,0.0
0.0,0.0,0.0
0.00259228127793,0.0,0.000226760390719
0.0,0.0,0.0
0.000825187785144,0.0,4.58437658413e-05
0.0,0.0,0.0
0.0104941696346,0.0,0.00024574157561
0.0,0.0,0.0
0.0,0.0,0.0
0.0,0.0,0.0
2.76917215772e-05,0.0,2.76917215772e-06
0.0,0.0,0.0
0.0,0.0,0.0
0.0,0.0,0.0
0.0,0.0,0.0
0.001029133033,0.0,0.000368610197956
0.0,0.0,0.0
0.0,0.0,0.0
0.0,0.0,0.0
0.0011621601682,0.0,2.76704801953e-05
0.0101849624241,0.0,0.00236937381668
0.0,0.0,0.0
0.0,0.0,0.0
0.002434471516,0.0,0.000317051768631
0.0,0.0,0.0
0.000765319753332,0.0,5.8354892268e-05
0.0127845159062,0.0,0.000483888879039
0.0114303509922,0.0,0.000245098128167
0.0,0.0,0.0
0.0,0.0,0.0
0.000880094305626,0.0,0.000146682384271
0.00187347587408,0.0,0.000104081993004
0.0,0.0,0.0
0.0,0.0,0.0
0.0,0.0,0.0
0.0,0.0,0.0
0.00114663179881,0.0,0.000388289301239
0.0,0.0,0.0
0.000661515881827,0.0,4.13447426142e-05
0.000867601490994,0.0,3.61500621248e-05
0.0,0.0,0.0
0.0,0.0,0.0
0.0,0.0,0.0
0.0,0.0,0.0
0.0,0.0,0.0
0.0,0.0,0.0
0.00265952929506,0.0,3.49837558391e-05
0.00499798856612,0.0,0.000275477733385
0.0,0.0,0.0
0.0,0.0,0.0
0.0,0.0,0.0
0.0,0.0,0.0
0.0,0.0,0.0
0.0,0.0,0.0
0.00975619327139,0.0,0.00215159445682
0.0042087920048,0.0,0.000156916727568
0.0021251501321,0.0,0.000170131145412
0.0,0.0,0.0
0.000711471512033,0.0,4.22083116598e-05
0.000609689074037,0.0,1.36918161324e-05
0.00051015463485,0.0,4.25128862375e-05
0.0,0.0,0.0
0.0,0.0,0.0
0.0020476547747,0.0,0.000190989853306
0.0,0.0,0.0
0.0,0.0,0.0
0.0,0.0,0.0
0.000737910157292,0.0,2.32798021285e-05
0.0,0.0,0.0
0.00512693233774,0.0,0.000122069817565
0.0,0.0,0.0
0.0,0.0,0.0
0.0,0.0,0.0
0.00100904778456,0.0,0.000112116420507
0.0,0.0,0.0
0.00463375449811,0.0,0.000359542865151
0.0,0.0,0.0
0.0,0.0,0.0
0.0,0.0,0.0
0.0020124059704,0.0,0.00016167916529
0.0,0.0,0.0
0.00184097629246,0.0,4.60244073115e-05
0.0156396323735,0.0,0.000667644936054
0.0125867162789,0.0,0.00075464208465
0.0,0.0,0.0
0.0,0.0,0.0
0.0,0.0,0.0
0.0,0.0,0.0
0.0,0.0,0.0
0.000244341149838,0.0,4.0723524973e-05
0.0,0.0,0.0
0.0,0.0,0.0
0.0,0.0,0.0
0.00241832897553,0.0,0.000271860117782
0.0,0.0,0.0
0.0,0.0,0.0
0.0,0.0,0.0
0.000707148826334,0.0,3.92860459074e-05
0.00495313281565,0.0,5.37501108235e-05
0.00231226314353,0.0,8.94649431997e-05
0.0,0.0,0.0
0.000620039940741,0.0,0.000103284807592
0.0,0.0,0.0
7.25358811458e-05,0.0,6.04465676215e-06
0.0,0.0,0.0
0.00211274272656,0.0,0.000109690598713
0.0,0.0,0.0
0.0,0.0,0.0
0.00387104694558,0.0,0.000184335568837
0.0,0.0,0.0
0.0,0.0,0.0
0.0,0.0,0.0
0.0,0.0,0.0
0.0,0.0,0.0
0.0,0.0,0.0
0.0,0.0,0.0
0.0,0.0,0.0
0.0,0.0,0.0
0.0,0.0,0.0
0.0,0.0,0.0
0.0,0.0,0.0
0.0,0.0,0.0
0.00907983997675,0.0,0.000756653331396
0.0,0.0,0.0
0.0,0.0,0.0
0.0,0.0,0.0
0.0,0.0,0.0
0.000482180763473,0.0,4.01817302894e-05
0.0368584453823,0.0,0.00804953228073
0.0,0.0,0.0
0.0,0.0,0.0
0.0013068161751,0.0,0.00021780269585
0.0,0.0,0.0
0.0,0.0,0.0
0.00058030122008,0.0,2.9015061004e-05
0.0,0.0,0.0
0.0,0.0,0.0
0.0,0.0,0.0
0.0,0.0,0.0
0.00195749516942,0.0,6.9910541765e-05
0.0,0.0,0.0
0.0,0.0,0.0
0.0,0.0,0.0
0.00225793703048,0.0,0.000199928029223
0.0,0.0,0.0
0.0,0.0,0.0
0.0,0.0,0.0
0.0,0.0,0.0
0.00097456846938,0.0,0.000157581852881
0.0,0.0,0.0
0.0,0.0,0.0
0.0,0.0,0.0
0.000273171851773,0.0,1.24169023533e-05
0.0,0.0,0.0
0.0,0.0,0.0
0.00139770060539,0.0,9.98357575276e-05
0.0,0.0,0.0
0.174512675595,0.0,0.0428998170977
0.0,0.0,0.0
0.00208860716825,0.0,0.000906264786373
0.0,0.0,0.0
0.0,0.0,0.0
0.0,0.0,0.0
0.00206975993775,0.0,3.59815188325e-05
2.3370654902e-05,0.0,1.669332493e-06
0.0,0.0,0.0
0.0,0.0,0.0
0.0,0.0,0.0
0.0,0.0,0.0
0.0012334194292,0.0,5.13924762167e-05
0.0,0.0,0.0
0.00408288854166,0.0,7.33343086444e-05
0.00861006044252,0.0,0.00330971245586
0.0,0.0,0.0
0.0,0.0,0.0
0.0,0.0,0.0
0.0,0.0,0.0
0.0,0.0,0.0
0.0,0.0,0.0
0.0,0.0,0.0
0.0,0.0,0.0
0.0,0.0,0.0
0.0,0.0,0.0
0.000899485358298,0.0,3.74785565957e-05
0.0070440223168,0.0,0.00070440223168
0.0,0.0,0.0
0.000943651312801,0.0,6.74036652001e-05
0.0,0.0,0.0
0.0,0.0,0.0
0.0,0.0,0.0
0.0,0.0,0.0
0.0,0.0,0.0
0.0,0.0,0.0
4.19467242115e-05,0.0,1.74778017548e-06
0.00106800474754,0.0,0.000355002091944
0.0,0.0,0.0
0.00095282639937,0.0,0.000158804399895
0.00434328797271,0.0,9.65175105046e-05
0.0,0.0,0.0
0.0,0.0,0.0
0.0,0.0,0.0
0.0,0.0,0.0
0.0,0.0,0.0
0.0,0.0,0.0
0.0,0.0,0.0
0.0,0.0,0.0
0.00877759269321,0.0,0.000925249774671
0.0,0.0,0.0
0.0,0.0,0.0
0.0,0.0,0.0
0.0,0.0,0.0
0.00219908796029,0.0,0.000366514660049
0.00184560882159,0.0,0.000153800735132
0.0,0.0,0.0
0.0,0.0,0.0
0.00104289478285,0.0,0.000173815797141
0.00076348367191,0.0,8.48315191011e-05
0.0,0.0,0.0
0.0,0.0,0.0
0.0,0.0,0.0
0.0,0.0,0.0
0.000561992118239,0.0,9.36653530398e-05
0.001612956623,0.0,6.72065259583e-05
0.0,0.0,0.0
0.0,0.0,0.0
0.0,0.0,0.0
0.0,0.0,0.0
0.00180019328881,0.0,5.07849656302e-05
0.0,0.0,0.0
0.0,0.0,0.0
0.0,0.0,0.0
0.0,0.0,0.0
0.0,0.0,0.0
0.0,0.0,0.0
0.0,0.0,0.0
0.0,0.0,0.0
0.0,0.0,0.0
0.0,0.0,0.0
0.0229629538949,0.0,0.00319043724877
0.0,0.0,0.0
0.0,0.0,0.0
0.000167061168729,0.0,3.71247041619e-06
0.00153053130848,0.0,2.93612497438e-05
0.0,0.0,0.0
0.0,0.0,0.0
4.19467242115e-05,0.0,1.74778017548e-06
0.00106800474754,0.0,0.000355002091944
0.0,0.0,0.0
0.0,0.0,0.0
0.0,0.0,0.0
0.0,0.0,0.0
0.00097456846938,0.0,0.000157581852881
0.0,0.0,0.0
0.0,0.0,0.0
0.0,0.0,0.0
0.000273171851773,0.0,1.24169023533e-05
0.0,0.0,0.0
0.0,0.0,0.0
0.0,0.0,0.0
0.00411729782755,0.0,0.000343108152296
0.0,0.0,0.0
0.0,0.0,0.0
0.0,0.0,0.0
0.000232228250844,0.0,7.74094169481e-06
0.0,0.0,0.0
0.0,0.0,0.0
0.0,0.0,0.0
0.0,0.0,0.0
0.0,0.0,0.0
0.0,0.0,0.0
0.0,0.0,0.0
0.000366312171308,0.0,8.85244196626e-05
0.0,0.0,0.0
0.0,0.0,0.0
0.0,0.0,0.0
0.0014753926805,0.0,1.3173148933e-05
0.00195212801674,0.0,0.000325354669457
1.83848559965e-05,0.0,8.35675272567e-07
0.000331572445703,0.0,5.52620742838e-05
0.0,0.0,0.0
0.0,0.0,0.0
0.0,0.0,0.0
0.0,0.0,0.0
0.00257742357643,0.0,0.000644355894107
0.0,0.0,0.0
0.0,0.0,0.0
0.00847229779182,0.000563363221316,0.00301056443219
0.0,0.0,0.0
0.0,0.0,0.0
0.0,0.0,0.0
0.00105696864972,0.000429280545729,0.000371562298861
0.0,0.0,0.0
0.0,0.0,0.0
0.0,0.0,0.0
0.0,0.0,0.0
0.0,0.0,0.0
0.0,0.0,0.0
0.0,0.0,0.0
0.0,0.0,0.0
0.0,0.0,0.0
0.0,0.0,0.0
0.0,0.0,0.0
0.00295829348879,0.0,0.000164349638266
0.0,0.0,0.0
0.00834713928748,0.0,0.000463729960416
0.0,0.0,0.0
0.000491799842793,0.0,2.3419040133e-05
0.0,0.0,0.0
0.000609420923589,0.0,5.7995545336e-05
0.0,0.0,0.0
0.0,0.0,0.0
0.0,0.0,0.0
0.000766771344495,0.0,0.000114899559828
0.0033430359243,0.0,0.000309053949535
0.00229742919449,0.0,5.74357298622e-05
0.0,0.0,0.0
0.00227276234171,0.0,0.000378793723618
0.0,0.0,0.0
0.0,0.0,0.0
0.00188406341409,0.0,7.17822024869e-05
0.0,0.0,0.0
0.0,0.0,0.0
0.0007687011178,0.0,7.687011178e-05
0.0,0.0,0.0
0.0,0.0,0.0
0.000728949419188,0.0,9.58429604003e-05
0.00135554537825,0.0,8.41252737052e-05
0.0,0.0,0.0
0.0,0.0,0.0
0.0,0.0,0.0
0.000798613176615,0.0,6.02312848669e-05
0.0,0.0,0.0
0.00136988522945,0.0,6.86515096894e-05
0.0,0.0,0.0
0.0,0.0,0.0
6.72206845885e-05,0.0,4.80147747061e-06
0.00165867248978,0.0,5.52890829927e-05
0.0,0.0,0.0
0.0,0.0,0.0
0.00124613798044,0.0,5.20708683088e-05
0.0,0.0,0.0
0.00161493429798,0.0,5.16218064059e-05
0.0135802740853,0.0,0.000959413364905
0.000880381862285,0.0,5.86921241523e-05
0.000782176322495,0.0,3.91088161247e-05
0.0,0.0,0.0
0.0,0.0,0.0
0.0,0.0,0.0
0.0,0.0,0.0
0.0,0.0,0.0
0.0,0.0,0.0
0.000273298017291,0.0,6.83245043228e-05
0.0,0.0,0.0
0.0,0.0,0.0
0.00398128175156,0.0,0.00039361347756
0.0,0.0,0.0
0.0,0.0,0.0
0.0,0.0,0.0
0.00146053672857,0.0,0.000243422788095
0.00210700361596,0.0,0.000263375451995
0.000853021882802,0.0,2.84340627601e-05
0.0,0.0,0.0
0.0,0.0,0.0
0.0,0.0,0.0
0.0,0.0,0.0
0.00892352505071,0.0,0.00181107196449
0.0,0.0,0.0
0.0,0.0,0.0
0.0,0.0,0.0
0.0,0.0,0.0
0.0,0.0,0.0
0.0,0.0,0.0
0.0,0.0,0.0
0.0,0.0,0.0
0.0,0.0,0.0
0.0,0.0,0.0
0.0,0.0,0.0
0.0,0.0,0.0
0.0,0.0,0.0
0.000937341029186,0.0,7.19771676614e-05
0.0,0.0,0.0
0.0,0.0,0.0
0.0,0.0,0.0
0.0,0.0,0.0
0.0,0.0,0.0
0.0,0.0,0.0
0.0,0.0,0.0
0.0,0.0,0.0
0.000773736951072,0.0,3.47432815657e-05
0.0,0.0,0.0
0.0,0.0,0.0
0.0,0.0,0.0
0.0,0.0,0.0
0.00164075720074,0.0,0.000205094650092
0.0,0.0,0.0
0.0,0.0,0.0
0.0,0.0,0.0
0.0,0.0,0.0
0.0,0.0,0.0
0.0,0.0,0.0
0.0,0.0,0.0
0.0,0.0,0.0
0.0,0.0,0.0
0.0,0.0,0.0
0.00457590816102,0.0,0.000381325680085
0.0,0.0,0.0
0.0,0.0,0.0
0.0,0.0,0.0
0.0,0.0,0.0
0.0,0.0,0.0
0.000120981609135,0.0,7.42492347115e-06
0.0,0.0,0.0
0.00332616613652,0.0,0.000369574015169
0.0,0.0,0.0
0.0,0.0,0.0
0.0,0.0,0.0
0.0,0.0,0.0
0.0,0.0,0.0
0.0,0.0,0.0
0.00246288019559,0.0,0.000410480032599
0.0,0.0,0.0
0.0,0.0,0.0
0.0,0.0,0.0
1.47827027348e-05,0.0,1.0559073382e-06
0.0,0.0,0.0
0.00875264651494,0.0,0.00272871220464
0.0,0.0,0.0
0.0,0.0,0.0
0.0,0.0,0.0
0.0,0.0,0.0
0.00105179721315,0.0,6.0333008282e-05
0.0,0.0,0.0
0.0011893103512,0.0,5.66338262476e-05
0.0,0.0,0.0
0.0,0.0,0.0
0.0,0.0,0.0
0.0,0.0,0.0
0.00361372186387,0.0,0.000451715232984
0.0,0.0,0.0
0.0011715051834,0.0,5.22847038105e-05
0.0,0.0,0.0
0.000606431907796,0.0,1.68453307721e-05
0.00172337750861,0.0,2.29783667815e-05
0.0,0.0,0.0
0.000476338425812,0.0,1.58779475271e-05
0.0109434308188,0.0,0.000784521891364
0.0,0.0,0.0
0.0,0.0,0.0
0.0,0.0,0.0
0.0,0.0,0.0
0.0,0.0,0.0
0.0,0.0,0.0
0.0,0.0,0.0
0.000694989870586,0.0,4.6332658039e-05
0.0,0.0,0.0
0.00250226111635,0.0,0.000233310980669
0.00790409114382,7.76327144248e-05,0.00239958644387
0.00129937542975,0.00111998331401,0.00060483968594
0.0,0.0,0.0
0.00026887792585,0.0,5.00574411303e-05
0.0,0.0,0.0
0.0,0.0,0.0
0.0,0.0,0.0
0.0,0.0,0.0
0.0,0.0,0.0
0.0,0.0,0.0
0.0,0.0,0.0
0.0,0.0,0.0
0.00155414961873,0.0,0.000129512468228
0.0,0.0,0.0
0.0,0.0,0.0
0.0,0.0,0.0
0.00159143596865,0.0,0.000106095731243
0.0,0.0,0.0
0.0,0.0,0.0
0.00178664784114,0.0,0.000446661960284
0.0,0.0,0.0
0.000108953551131,0.0,2.72383877827e-05
0.0,0.0,0.0
0.0,0.0,0.0
0.0,0.0,0.0
0.0,0.0,0.0
0.000617440594057,0.0,0.000101210366295
0.00479477067679,0.0,0.000799128446132
0.0,0.0,0.0
0.0,0.0,0.0
0.0,0.0,0.0
0.0,0.0,0.0
0.0,0.0,0.0
0.0,0.0,0.0
0.0,0.0,0.0
0.00336426245442,0.0,0.000304501530849
0.0,0.0,0.0
0.0,0.0,0.0
0.0,0.0,0.0
0.0,0.0,0.0
0.0,0.0,0.0
0.0,0.0,0.0
0.000446279669591,0.0,4.95866299545e-05
0.00087066121338,0.0,7.2555101115e-05
0.0,0.0,0.0
0.0,0.0,0.0
0.0,0.0,0.0
0.0,0.0,0.0
0.000128464989666,0.0,1.42738877407e-05
0.0,0.0,0.0
0.0,0.0,0.0
9.5651139138e-05,0.0,7.9709282615e-06
0.0,0.0,0.0
0.0,0.0,0.0
0.0,0.0,0.0
0.0,0.0,0.0
0.0,0.0,0.0
0.0,0.0,0.0
0.0,0.0,0.0
0.00166881977314,0.0,3.21188822571e-05
0.000453159276305,0.0,9.42594349925e-05
0.0,0.0,0.0
0.00106269478753,0.0,0.000173413060728
0.00584556261246,0.0,0.000487130217705
0.00304952790495,0.0,0.00011047112311
0.0,0.0,0.0
0.0,0.0,0.0
0.0,0.0,0.0
0.00346625599622,0.0,0.000165059809344
0.0,0.0,0.0
0.0,0.0,0.0
0.00176008602866,0.0,0.000195565114295
0.0,0.0,0.0
0.00117719425858,0.0,9.80995215482e-05
0.0,0.0,0.0
0.000124967406923,0.0,3.67551196832e-06
0.0,0.0,0.0
0.0,0.0,0.0
0.0,0.0,0.0
0.0,0.0,0.0
0.00234500520928,0.0,0.00023357438519
0.0,0.0,0.0
0.0,0.0,0.0
0.0,0.0,0.0
0.0,0.0,0.0
0.0,0.0,0.0
0.0,0.0,0.0
0.0,0.0,0.0
0.0,0.0,0.0
0.0,0.0,0.0
0.0,0.0,0.0
0.0,0.0,0.0
0.0,0.0,0.0
0.0080259304694,0.0,0.00147767858292
0.00199291879295,0.0,8.30382830396e-05
0.0015502419716,0.0,0.000258373661933
0.0,0.0,0.0
0.0,0.0,0.0
0.00228442663681,0.0,0.0001087822208
0.000782895926937,0.0,1.08735545408e-05
0.0,0.0,0.0
0.0,0.0,0.0
0.0,0.0,0.0
6.72718491477e-05,0.0,1.12119748579e-05
0.0,0.0,0.0
0.000607428085819,0.0,0.000101238014303
0.0,0.0,0.0
0.0,0.0,0.0
0.0010666757915,0.0,0.00019419058636
0.00354092930747,0.0,3.92891026128e-05
0.0,0.0,0.0
0.00394551832336,0.0,0.000557494473834
0.0,0.0,0.0
0.0,0.0,0.0
0.0,0.0,0.0
0.0,0.0,0.0
0.0,0.0,0.0
0.0,0.0,0.0
0.0,0.0,0.0
0.0,0.0,0.0
0.0,0.0,0.0
0.0,0.0,0.0
0.0,0.0,0.0
0.0,0.0,0.0
0.0,0.0,0.0
0.0,0.0,0.0
0.00386366677514,0.0,0.000160986115631
0.0,0.0,0.0
0.0,0.0,0.0
0.0,0.0,0.0
0.0,0.0,0.0
0.0,0.0,0.0
0.0,0.0,0.0
0.0,0.0,0.0
0.0,0.0,0.0
0.0,0.0,0.0
0.0016220637892,0.0,0.000259368962703
0.0,0.0,0.0
0.0,0.0,0.0
0.0,0.0,0.0
0.0,0.0,0.0
0.0,0.0,0.0
0.0,0.0,0.0
0.000345776677461,0.0,8.64441693652e-06
0.0100490416345,0.0,0.000227214854767
0.00222680177014,0.0,0.000158246505679
0.0,0.0,0.0
0.0,0.0,0.0
0.000873589574253,0.0,6.35748793926e-05
0.0,0.0,0.0
0.0,0.0,0.0
0.0,0.0,0.0
0.0,0.0,0.0
0.00296698929767,0.0,0.000296698929767
0.0,0.0,0.0
0.00145177318326,0.0,0.000386956892417
0.0,0.0,0.0
0.0,0.0,0.0
0.0,0.0,0.0
0.0,0.0,0.0
0.0,0.0,0.0
0.0,0.0,0.0
0.00350001758196,0.0,0.000843036869016
0.0,0.0,0.0
0.000244021066015,0.0,3.05026332519e-05
0.0,0.0,0.0
0.00204241140154,0.0,0.000214655467279
0.000914529832458,0.0,7.62108193715e-05
0.0,0.0,0.0
0.0,0.0,0.0
0.0,0.0,0.0
0.0,0.0,0.0
0.0,0.0,0.0
0.0,0.0,0.0
0.00140922688993,0.0,0.000176153361241
0.0,0.0,0.0
0.0,0.0,0.0
6.53732980728e-05,0.0,3.11301419394e-06
0.0,0.0,0.0
0.0,0.0,0.0
0.0,0.0,0.0
0.0,0.0,0.0
0.0,0.0,0.0
0.0,0.0,0.0
0.0,0.0,0.0
0.0,0.0,0.0
0.0,0.0,0.0
0.000552368368392,0.0,0.00011442639342
0.0,0.0,0.0
0.000682146800011,0.0,1.24026690911e-05
0.00365293972281,0.0,0.000365121703576
0.0,0.0,0.0
0.0,0.0,0.0
0.000966487403899,0.0,0.000161081233983
0.000513575045166,0.0,6.41968806457e-05
0.00217538360895,0.0,0.000102856937423
0.0,0.0,0.0
0.0,0.0,0.0
0.00247206116977,0.0,0.000206005097481
0.0,0.0,0.0
0.0,0.0,0.0
0.0,0.0,0.0
0.0,0.0,0.0
0.0,0.0,0.0
0.0,0.0,0.0
0.0,0.0,0.0
0.0,0.0,0.0
0.0,0.0,0.0
0.0,0.0,0.0
0.0,0.0,0.0
0.000902428673107,0.0,0.000183699855055
0.0,0.0,0.0
0.0,0.0,0.0
0.0,0.0,0.0
0.0,0.0,0.0
0.0,0.0,0.0
0.0,0.0,0.0
0.000573651930779,0.0,3.18695517099e-05
0.0,0.0,0.0
0.0,0.0,0.0
0.0,0.0,0.0
0.0,0.0,0.0
0.0,0.0,0.0
0.0,0.0,0.0
0.000136080692183,0.0,3.88417192092e-06
0.00227854583246,0.0,4.94153288789e-05
0.0,0.0,0.0
0.000490664434816,0.0,2.72591352675e-05
0.00233854531141,0.0,4.05007950347e-05
0.0,0.0,0.0
0.0,0.0,0.0
0.0,0.0,0.0
0.00120533639484,0.0,0.000298179245257
0.00131493460987,0.0,0.000109577884156
0.000896864506398,0.0,0.00029890003798
0.017609992736,0.0,0.000692436194983
0.00553746568537,0.0,0.000576609224885
0.0,0.0,0.0
0.000509845466606,0.0,3.18653416629e-05
0.0,0.0,0.0
0.00106553629662,0.0,2.20350229541e-05
0.00176199398075,0.0,1.03401575638e-05
0.000596385624355,0.0,5.68842461881e-05
0.0,0.0,0.0
0.0,0.0,0.0
0.0,0.0,0.0
0.000457815688401,0.0,1.08731677489e-05
0.00199411892668,0.0,1.78046332739e-05
0.0,0.0,0.0
0.0,0.0,0.0
0.0,0.0,0.0
0.0,0.0,0.0
0.0,0.0,0.0
0.00641022620385,0.0,0.000712247355983
0.0,0.0,0.0
0.00225308629211,0.0,0.000563271573026
0.0,0.0,0.0
0.00159104296201,0.0,9.98896243454e-05
0.0,0.0,0.0
0.0,0.0,0.0
0.00392703452821,0.0,0.000654505754702
0.0,0.0,0.0
0.0,0.0,0.0
0.0,0.0,0.0
0.0,0.0,0.0
0.00244514607641,0.0,0.000407524346069
0.0027054311321,0.0,0.000180362075473
0.0,0.0,0.0
0.0,0.0,0.0
0.0,0.0,0.0
0.0,0.0,0.0
0.000626301963997,0.0,4.47358545712e-05
0.0,0.0,0.0
0.0,0.0,0.0
0.000657743999516,0.0,8.22179999395e-05
0.0,0.0,0.0
0.0,0.0,0.0
0.0,0.0,0.0
0.000626706197584,0.0,6.73098749029e-06
0.0,0.0,0.0
0.0,0.0,0.0
0.00260268629169,0.0,8.13339466154e-05
0.00525163580624,0.0,0.000875272634374
0.0026389451133,0.0,0.000157335145018
0.0,0.0,0.0
0.0,0.0,0.0
0.0,0.0,0.0
0.0,0.0,0.0
0.00212756530763,0.0,0.000221313433464
0.00120561497961,0.0,5.89764160823e-05
0.00111387828852,0.0,1.2376425428e-05
0.0,0.0,0.0
0.00497165184863,0.0,0.000808000103197
0.0,0.0,0.0
0.0,0.0,0.0
0.0,0.0,0.0
0.0,0.0,0.0
0.0,0.0,0.0
0.000329595901333,0.0,2.74663251111e-05
0.0,0.0,0.0
0.00754010522065,0.0,0.00113855093172
0.0,0.0,0.0
0.00091993666258,0.0,0.000125017233392
0.0,0.0,0.0
0.0,0.0,0.0
0.0,0.0,0.0
0.000812646200079,0.0,6.75757260625e-05
0.0,0.0,0.0
0.0,0.0,0.0
0.0,0.0,0.0
0.0,0.0,0.0
0.0,0.0,0.0
0.0,0.0,0.0
0.00820172216885,0.0,0.00160293680936
0.0,0.0,0.0
0.0,0.0,0.0
0.0,0.0,0.0
0.00200355789293,0.0,0.000151184844797
0.0,0.0,0.0
0.0,0.0,0.0
0.0,0.0,0.0
0.00541632434574,0.0,0.000147606256279
0.0,0.0,0.0
0.0,0.0,0.0
0.000215942291106,0.0,1.79951909255e-05
0.00175196516619,0.0,0.00010202995431
0.0,0.0,0.0
0.0,0.0,0.0
0.0,0.0,0.0
0.00541899177381,0.0,0.000677373971726
0.0,0.0,0.0
0.0021899907424,0.0,0.000273748842801
0.0,0.0,0.0
0.0,0.0,0.0
0.0,0.0,0.0
4.44070779765e-05,0.0,4.44070779765e-06
0.00355637517426,0.0,0.000889093793565
0.0,0.0,0.0
0.0,0.0,0.0
0.0,0.0,0.0
0.0,0.0,0.0
0.0,0.0,0.0
0.0,0.0,0.0
0.0,0.0,0.0
0.000656093896213,0.0,5.46744913511e-05
0.000432796736461,0.0,2.1639836823e-05
0.0,0.0,0.0
0.0,0.0,0.0
0.0,0.0,0.0
0.00685310604875,0.0,0.000856638256094
0.0,0.0,0.0
0.0,0.0,0.0
0.000830273713877,0.0,2.59460535587e-05
0.0,0.0,0.0
0.0,0.0,0.0
0.0274898954726,0.0,0.0082368789507
0.0,0.0,0.0
0.0,0.0,0.0
1.78878340108e-05,0.0,1.49065283423e-06
0.00182498428333,0.0,0.000282702409452
0.0,0.0,0.0
0.0,0.0,0.0
0.0,0.0,0.0
0.0,0.0,0.0
0.0,0.0,0.0
0.0,0.0,0.0
0.0,0.0,0.0
0.0,0.0,0.0
0.0,0.0,0.0
0.0,0.0,0.0
0.0,0.0,0.0
0.0,0.0,0.0
0.0,0.0,0.0
0.0,0.0,0.0
0.00808867985663,0.0,0.00101108498208
0.0,0.0,0.0
0.0,0.0,0.0
1.9954915898e-05,0.0,4.9887289745e-06
0.0,0.0,0.0
0.0,0.0,0.0
0.0,0.0,0.0
0.0,0.0,0.0
0.0058644831061,0.0,0.00202417800759
0.0,0.0,0.0
0.00895261490365,0.0,8.49286552901e-05
0.0,0.0,0.0
0.0,0.0,0.0
0.00135232343746,0.0,0.000338080859364
0.0,0.0,0.0
0.0,0.0,0.0
0.0,0.0,0.0
0.0,0.0,0.0
0.0,0.0,0.0
0.00103335402363,0.0,2.87042784343e-05
0.0,0.0,0.0
0.0,0.0,0.0
0.0,0.0,0.0
0.0,0.0,0.0
0.0,0.0,0.0
0.00167509203463,0.0,0.000314713927297
0.000539702891972,0.0,5.39702891972e-05
0.0,0.0,0.0
0.0,0.0,0.0
0.0,0.0,0.0
0.0,0.0,0.0
0.0,0.0,0.0
0.000490772347835,0.0,4.81149360622e-06
0.00203931028543,0.0,3.67939140021e-05
0.0,0.0,0.0
0.0,0.0,0.0
0.000941013177146,0.0,2.41285430038e-05
0.0,0.0,0.0
0.0,0.0,0.0
0.0,0.0,0.0
0.0,0.0,0.0
0.0,0.0,0.0
0.0,0.0,0.0
0.00297147464398,0.0,7.07630259786e-05
0.00052096539338,0.0,3.26145201748e-05
0.0,0.0,0.0
0.0,0.0,0.0
0.000872844771196,0.0,2.42456880888e-05
0.0,0.0,0.0
0.00460331619179,0.0,0.00115082904795
0.0,0.0,0.0
0.000104721520319,0.0,1.30901900398e-05
0.0,0.0,0.0
0.0,0.0,0.0
0.0,0.0,0.0
0.00332850583058,0.0,0.000554750971764
0.0102910412985,0.0,0.000794609850663
0.0,0.0,0.0
0.0,0.0,0.0
0.000408456207041,0.0,0.000106737303511
0.0228520602032,0.0,0.000868529849425
0.0,0.0,0.0
0.0,0.0,0.0
